	
Starting process: 13:40
													Newsletter is disabled																					Schedule type: 
Error: Connection timed out
#0 /var/www/chatelet/lib/Cake/Network/Email/SmtpTransport.php(146): CakeSocket->connect()
#1 /var/www/chatelet/lib/Cake/Network/Email/SmtpTransport.php(86): SmtpTransport->_connect()
#2 /var/www/chatelet/lib/Cake/Network/Email/CakeEmail.php(1177): SmtpTransport->send()
#3 /var/www/chatelet/app/Console/Command/NewsletterShell.php(447): CakeEmail->send()
#4 /var/www/chatelet/app/Console/Command/NewsletterShell.php(249): NewsletterShell->sendEmail()
#5 /var/www/chatelet/lib/Cake/Console/Shell.php(461): NewsletterShell->main()
#6 /var/www/chatelet/lib/Cake/Console/ShellDispatcher.php(212): Shell->runCommand()
#7 /var/www/chatelet/lib/Cake/Console/ShellDispatcher.php(66): ShellDispatcher->dispatch()
#8 /var/www/chatelet/app/Console/cake.php(36): ShellDispatcher::run()
#9 {main}
	Error: Connection timed out
#0 /var/www/chatelet/lib/Cake/Network/Email/SmtpTransport.php(146): CakeSocket->connect()
#1 /var/www/chatelet/lib/Cake/Network/Email/SmtpTransport.php(86): SmtpTransport->_connect()
#2 /var/www/chatelet/lib/Cake/Network/Email/CakeEmail.php(1177): SmtpTransport->send()
#3 /var/www/chatelet/app/Console/Command/NewsletterShell.php(447): CakeEmail->send()
#4 /var/www/chatelet/app/Console/Command/NewsletterShell.php(249): NewsletterShell->sendEmail()
#5 /var/www/chatelet/lib/Cake/Console/Shell.php(461): NewsletterShell->main()
#6 /var/www/chatelet/lib/Cake/Console/ShellDispatcher.php(212): Shell->runCommand()
#7 /var/www/chatelet/lib/Cake/Console/ShellDispatcher.php(66): ShellDispatcher->dispatch()
#8 /var/www/chatelet/app/Console/cake.php(36): ShellDispatcher::run()
#9 {main}
	Error: Connection timed out
#0 /var/www/chatelet/lib/Cake/Network/Email/SmtpTransport.php(146): CakeSocket->connect()
#1 /var/www/chatelet/lib/Cake/Network/Email/SmtpTransport.php(86): SmtpTransport->_connect()
#2 /var/www/chatelet/lib/Cake/Network/Email/CakeEmail.php(1177): SmtpTransport->send()
#3 /var/www/chatelet/app/Console/Command/NewsletterShell.php(447): CakeEmail->send()
#4 /var/www/chatelet/app/Console/Command/NewsletterShell.php(249): NewsletterShell->sendEmail()
#5 /var/www/chatelet/lib/Cake/Console/Shell.php(461): NewsletterShell->main()
#6 /var/www/chatelet/lib/Cake/Console/ShellDispatcher.php(212): Shell->runCommand()
#7 /var/www/chatelet/lib/Cake/Console/ShellDispatcher.php(66): ShellDispatcher->dispatch()
#8 /var/www/chatelet/app/Console/cake.php(36): ShellDispatcher::run()
#9 {main}
		Error: Connection timed out
#0 /var/www/chatelet/lib/Cake/Network/Email/SmtpTransport.php(146): CakeSocket->connect()
#1 /var/www/chatelet/lib/Cake/Network/Email/SmtpTransport.php(86): SmtpTransport->_connect()
#2 /var/www/chatelet/lib/Cake/Network/Email/CakeEmail.php(1177): SmtpTransport->send()
#3 /var/www/chatelet/app/Console/Command/NewsletterShell.php(449): CakeEmail->send()
#4 /var/www/chatelet/app/Console/Command/NewsletterShell.php(247): NewsletterShell->sendEmail()
#5 /var/www/chatelet/lib/Cake/Console/Shell.php(461): NewsletterShell->main()
#6 /var/www/chatelet/lib/Cake/Console/ShellDispatcher.php(212): Shell->runCommand()
#7 /var/www/chatelet/lib/Cake/Console/ShellDispatcher.php(66): ShellDispatcher->dispatch()
#8 /var/www/chatelet/app/Console/cake.php(36): ShellDispatcher::run()
#9 {main}
	Error: Connection timed out
#0 /var/www/chatelet/lib/Cake/Network/Email/SmtpTransport.php(146): CakeSocket->connect()
#1 /var/www/chatelet/lib/Cake/Network/Email/SmtpTransport.php(86): SmtpTransport->_connect()
#2 /var/www/chatelet/lib/Cake/Network/Email/CakeEmail.php(1177): SmtpTransport->send()
#3 /var/www/chatelet/app/Console/Command/NewsletterShell.php(449): CakeEmail->send()
#4 /var/www/chatelet/app/Console/Command/NewsletterShell.php(247): NewsletterShell->sendEmail()
#5 /var/www/chatelet/lib/Cake/Console/Shell.php(461): NewsletterShell->main()
#6 /var/www/chatelet/lib/Cake/Console/ShellDispatcher.php(212): Shell->runCommand()
#7 /var/www/chatelet/lib/Cake/Console/ShellDispatcher.php(66): ShellDispatcher->dispatch()
#8 /var/www/chatelet/app/Console/cake.php(36): ShellDispatcher::run()
#9 {main}
	Error: Connection timed out
#0 /var/www/chatelet/lib/Cake/Network/Email/SmtpTransport.php(146): CakeSocket->connect()
#1 /var/www/chatelet/lib/Cake/Network/Email/SmtpTransport.php(86): SmtpTransport->_connect()
#2 /var/www/chatelet/lib/Cake/Network/Email/CakeEmail.php(1177): SmtpTransport->send()
#3 /var/www/chatelet/app/Console/Command/NewsletterShell.php(449): CakeEmail->send()
#4 /var/www/chatelet/app/Console/Command/NewsletterShell.php(247): NewsletterShell->sendEmail()
#5 /var/www/chatelet/lib/Cake/Console/Shell.php(461): NewsletterShell->main()
#6 /var/www/chatelet/lib/Cake/Console/ShellDispatcher.php(212): Shell->runCommand()
#7 /var/www/chatelet/lib/Cake/Console/ShellDispatcher.php(66): ShellDispatcher->dispatch()
#8 /var/www/chatelet/app/Console/cake.php(36): ShellDispatcher::run()
#9 {main}
	Error: Connection timed out
#0 /var/www/chatelet/lib/Cake/Network/Email/SmtpTransport.php(146): CakeSocket->connect()
#1 /var/www/chatelet/lib/Cake/Network/Email/SmtpTransport.php(86): SmtpTransport->_connect()
#2 /var/www/chatelet/lib/Cake/Network/Email/CakeEmail.php(1177): SmtpTransport->send()
#3 /var/www/chatelet/app/Console/Command/NewsletterShell.php(449): CakeEmail->send()
#4 /var/www/chatelet/app/Console/Command/NewsletterShell.php(247): NewsletterShell->sendEmail()
#5 /var/www/chatelet/lib/Cake/Console/Shell.php(461): NewsletterShell->main()
#6 /var/www/chatelet/lib/Cake/Console/ShellDispatcher.php(212): Shell->runCommand()
#7 /var/www/chatelet/lib/Cake/Console/ShellDispatcher.php(66): ShellDispatcher->dispatch()
#8 /var/www/chatelet/app/Console/cake.php(36): ShellDispatcher::run()
#9 {main}
	Error: Connection timed out
#0 /var/www/chatelet/lib/Cake/Network/Email/SmtpTransport.php(146): CakeSocket->connect()
#1 /var/www/chatelet/lib/Cake/Network/Email/SmtpTransport.php(86): SmtpTransport->_connect()
#2 /var/www/chatelet/lib/Cake/Network/Email/CakeEmail.php(1177): SmtpTransport->send()
#3 /var/www/chatelet/app/Console/Command/NewsletterShell.php(449): CakeEmail->send()
#4 /var/www/chatelet/app/Console/Command/NewsletterShell.php(247): NewsletterShell->sendEmail()
#5 /var/www/chatelet/lib/Cake/Console/Shell.php(461): NewsletterShell->main()
#6 /var/www/chatelet/lib/Cake/Console/ShellDispatcher.php(212): Shell->runCommand()
#7 /var/www/chatelet/lib/Cake/Console/ShellDispatcher.php(66): ShellDispatcher->dispatch()
#8 /var/www/chatelet/app/Console/cake.php(36): ShellDispatcher::run()
#9 {main}
	Error: Connection timed out
#0 /var/www/chatelet/lib/Cake/Network/Email/SmtpTransport.php(146): CakeSocket->connect()
#1 /var/www/chatelet/lib/Cake/Network/Email/SmtpTransport.php(86): SmtpTransport->_connect()
#2 /var/www/chatelet/lib/Cake/Network/Email/CakeEmail.php(1177): SmtpTransport->send()
#3 /var/www/chatelet/app/Console/Command/NewsletterShell.php(449): CakeEmail->send()
#4 /var/www/chatelet/app/Console/Command/NewsletterShell.php(247): NewsletterShell->sendEmail()
#5 /var/www/chatelet/lib/Cake/Console/Shell.php(461): NewsletterShell->main()
#6 /var/www/chatelet/lib/Cake/Console/ShellDispatcher.php(212): Shell->runCommand()
#7 /var/www/chatelet/lib/Cake/Console/ShellDispatcher.php(66): ShellDispatcher->dispatch()
#8 /var/www/chatelet/app/Console/cake.php(36): ShellDispatcher::run()
#9 {main}
	Error: Connection timed out
#0 /var/www/chatelet/lib/Cake/Network/Email/SmtpTransport.php(146): CakeSocket->connect()
#1 /var/www/chatelet/lib/Cake/Network/Email/SmtpTransport.php(86): SmtpTransport->_connect()
#2 /var/www/chatelet/lib/Cake/Network/Email/CakeEmail.php(1177): SmtpTransport->send()
#3 /var/www/chatelet/app/Console/Command/NewsletterShell.php(449): CakeEmail->send()
#4 /var/www/chatelet/app/Console/Command/NewsletterShell.php(247): NewsletterShell->sendEmail()
#5 /var/www/chatelet/lib/Cake/Console/Shell.php(461): NewsletterShell->main()
#6 /var/www/chatelet/lib/Cake/Console/ShellDispatcher.php(212): Shell->runCommand()
#7 /var/www/chatelet/lib/Cake/Console/ShellDispatcher.php(66): ShellDispatcher->dispatch()
#8 /var/www/chatelet/app/Console/cake.php(36): ShellDispatcher::run()
#9 {main}
						Array
(
    [date] => 2026-04-18
    [perminute] => 20
    [perday] => 500
    [quota] => 0
    [hour] => 11:25
    [email_sent] => 0
    [push_sent] => 0
    [count] => 5
)
	Array
(
    [date] => 2026-04-18
    [perminute] => 20
    [perday] => 500
    [quota] => 0
    [hour] => 11:30
    [email_sent] => 0
    [push_sent] => 0
    [count] => 5
)
	Array
(
    [date] => 2026-04-18
    [perminute] => 20
    [perday] => 500
    [quota] => 0
    [hour] => 11:35
    [email_sent] => 0
    [push_sent] => 0
    [count] => 5
)
	Array
(
    [date] => 2026-04-18
    [perminute] => 20
    [perday] => 500
    [quota] => 0
    [hour] => 11:40
    [email_sent] => 0
    [push_sent] => 0
    [count] => 5
)
	Array
(
    [date] => 2026-04-18
    [perminute] => 20
    [perday] => 500
    [quota] => 0
    [hour] => 11:45
    [email_sent] => 0
    [push_sent] => 0
    [count] => 5
)
	Array
(
    [date] => 2026-04-18
    [perminute] => 20
    [perday] => 500
    [quota] => 0
    [hour] => 11:50
    [email_sent] => 0
    [push_sent] => 0
    [count] => 5
)
	Array
(
    [date] => 2026-04-18
    [perminute] => 20
    [perday] => 500
    [quota] => 0
    [hour] => 11:55
    [email_sent] => 0
    [push_sent] => 0
    [count] => 5
)
	Array
(
    [date] => 2026-04-18
    [perminute] => 20
    [perday] => 500
    [quota] => 0
    [hour] => 12:00
    [email_sent] => 0
    [push_sent] => 0
    [count] => 5
)
	Array
(
    [date] => 2026-04-18
    [perminute] => 20
    [perday] => 500
    [quota] => 0
    [hour] => 12:05
    [email_sent] => 0
    [push_sent] => 0
    [count] => 5
)
	Array
(
    [date] => 2026-04-18
    [perminute] => 20
    [perday] => 500
    [quota] => 0
    [hour] => 12:10
    [email_sent] => 0
    [push_sent] => 0
    [count] => 5
)
	Array
(
    [date] => 2026-04-18
    [perminute] => 20
    [perday] => 500
    [quota] => 0
    [hour] => 12:15
    [email_sent] => 0
    [push_sent] => 0
    [count] => 5
)
	Array
(
    [date] => 2026-04-18
    [perminute] => 20
    [perday] => 500
    [quota] => 0
    [hour] => 12:20
    [email_sent] => 0
    [push_sent] => 0
    [count] => 5
)
	Array
(
    [date] => 2026-04-18
    [perminute] => 20
    [perday] => 500
    [quota] => 0
    [hour] => 12:25
    [email_sent] => 0
    [push_sent] => 0
    [count] => 5
)
	Array
(
    [date] => 2026-04-18
    [perminute] => 20
    [perday] => 500
    [quota] => 0
    [hour] => 12:30
    [email_sent] => 0
    [push_sent] => 0
    [count] => 5
)
	Array
(
    [date] => 2026-04-18
    [perminute] => 20
    [perday] => 500
    [quota] => 0
    [hour] => 12:35
    [email_sent] => 0
    [push_sent] => 0
    [count] => 5
)
	Array
(
    [date] => 2026-04-18
    [perminute] => 20
    [perday] => 500
    [quota] => 0
    [hour] => 12:40
    [email_sent] => 0
    [push_sent] => 0
    [count] => 5
)
	Array
(
    [date] => 2026-04-18
    [perminute] => 20
    [perday] => 500
    [quota] => 0
    [hour] => 12:45
    [email_sent] => 0
    [push_sent] => 0
    [count] => 5
)
	Array
(
    [date] => 2026-04-18
    [perminute] => 20
    [perday] => 500
    [quota] => 0
    [hour] => 12:50
    [email_sent] => 0
    [push_sent] => 0
    [count] => 5
)
	Array
(
    [date] => 2026-04-18
    [perminute] => 20
    [perday] => 500
    [quota] => 0
    [hour] => 12:55
    [email_sent] => 0
    [push_sent] => 0
    [count] => 5
)
	Array
(
    [date] => 2026-04-18
    [perminute] => 20
    [perday] => 500
    [quota] => 0
    [hour] => 13:00
    [email_sent] => 0
    [push_sent] => 0
    [count] => 5
)
	Array
(
    [date] => 2026-04-18
    [perminute] => 20
    [perday] => 500
    [quota] => 0
    [hour] => 14:55
    [email_sent] => 0
    [push_sent] => 0
    [count] => 5
)
	Array
(
    [date] => 2026-04-18
    [perminute] => 20
    [perday] => 500
    [quota] => 0
    [hour] => 15:00
    [email_sent] => 0
    [push_sent] => 0
    [count] => 5
)
	Array
(
    [date] => 2026-04-18
    [perminute] => 20
    [perday] => 500
    [quota] => 0
    [hour] => 15:05
    [email_sent] => 0
    [push_sent] => 0
    [count] => 5
)
	Array
(
    [date] => 2026-04-18
    [perminute] => 20
    [perday] => 500
    [quota] => 0
    [hour] => 15:10
    [email_sent] => 0
    [push_sent] => 0
    [count] => 5
)
	Array
(
    [date] => 2026-04-18
    [perminute] => 20
    [perday] => 500
    [quota] => 0
    [hour] => 15:15
    [email_sent] => 0
    [push_sent] => 0
    [count] => 5
)
	Array
(
    [date] => 2026-04-18
    [perminute] => 20
    [perday] => 500
    [quota] => 0
    [hour] => 15:20
    [email_sent] => 0
    [push_sent] => 0
    [count] => 5
)
	Array
(
    [date] => 2026-04-18
    [perminute] => 20
    [perday] => 500
    [quota] => 0
    [hour] => 15:25
    [email_sent] => 0
    [push_sent] => 0
    [count] => 5
)
	Array
(
    [date] => 2026-04-18
    [perminute] => 20
    [perday] => 500
    [quota] => 0
    [hour] => 15:30
    [email_sent] => 0
    [push_sent] => 0
    [count] => 5
)
	Array
(
    [date] => 2026-04-18
    [perminute] => 20
    [perday] => 500
    [quota] => 0
    [hour] => 15:35
    [email_sent] => 0
    [push_sent] => 0
    [count] => 5
)
	Array
(
    [date] => 2026-04-18
    [perminute] => 20
    [perday] => 500
    [quota] => 0
    [hour] => 15:40
    [email_sent] => 0
    [push_sent] => 0
    [count] => 5
)
	Array
(
    [date] => 2026-04-18
    [perminute] => 20
    [perday] => 500
    [quota] => 0
    [hour] => 15:45
    [email_sent] => 0
    [push_sent] => 0
    [count] => 5
)
	Array
(
    [date] => 2026-04-18
    [perminute] => 20
    [perday] => 500
    [quota] => 0
    [hour] => 15:50
    [email_sent] => 0
    [push_sent] => 0
    [count] => 5
)
	Array
(
    [date] => 2026-04-18
    [perminute] => 20
    [perday] => 500
    [quota] => 0
    [hour] => 15:55
    [email_sent] => 0
    [push_sent] => 0
    [count] => 5
)
	Array
(
    [date] => 2026-04-18
    [perminute] => 20
    [perday] => 500
    [quota] => 0
    [hour] => 16:00
    [email_sent] => 0
    [push_sent] => 0
    [count] => 5
)
	Array
(
    [date] => 2026-04-18
    [perminute] => 20
    [perday] => 500
    [quota] => 0
    [hour] => 16:05
    [email_sent] => 0
    [push_sent] => 0
    [count] => 5
)
	Array
(
    [date] => 2026-04-18
    [perminute] => 20
    [perday] => 500
    [quota] => 0
    [hour] => 16:10
    [email_sent] => 0
    [push_sent] => 0
    [count] => 5
)
	Array
(
    [date] => 2026-04-18
    [perminute] => 20
    [perday] => 500
    [quota] => 0
    [hour] => 16:15
    [email_sent] => 0
    [push_sent] => 0
    [count] => 5
)
	Array
(
    [date] => 2026-04-18
    [perminute] => 20
    [perday] => 500
    [quota] => 0
    [hour] => 16:20
    [email_sent] => 0
    [push_sent] => 0
    [count] => 5
)
	Array
(
    [date] => 2026-04-18
    [perminute] => 20
    [perday] => 500
    [quota] => 0
    [hour] => 16:25
    [email_sent] => 0
    [push_sent] => 0
    [count] => 5
)
	Array
(
    [date] => 2026-04-18
    [perminute] => 20
    [perday] => 500
    [quota] => 0
    [hour] => 16:30
    [email_sent] => 0
    [push_sent] => 0
    [count] => 5
)
	Array
(
    [date] => 2026-04-18
    [perminute] => 20
    [perday] => 500
    [quota] => 0
    [hour] => 16:35
    [email_sent] => 0
    [push_sent] => 0
    [count] => 5
)
	Array
(
    [date] => 2026-04-18
    [perminute] => 20
    [perday] => 500
    [quota] => 0
    [hour] => 16:40
    [email_sent] => 0
    [push_sent] => 0
    [count] => 5
)
	Array
(
    [date] => 2026-04-18
    [perminute] => 20
    [perday] => 500
    [quota] => 0
    [hour] => 16:45
    [email_sent] => 0
    [push_sent] => 0
    [count] => 5
)
	Array
(
    [date] => 2026-04-18
    [perminute] => 20
    [perday] => 500
    [quota] => 0
    [hour] => 16:50
    [email_sent] => 0
    [push_sent] => 0
    [count] => 5
)
	Array
(
    [date] => 2026-04-18
    [perminute] => 20
    [perday] => 500
    [quota] => 0
    [hour] => 16:55
    [email_sent] => 0
    [push_sent] => 0
    [count] => 5
)
	Array
(
    [date] => 2026-04-18
    [perminute] => 20
    [perday] => 500
    [quota] => 0
    [hour] => 17:00
    [email_sent] => 0
    [push_sent] => 0
    [count] => 5
)
	Array
(
    [date] => 2026-04-18
    [perminute] => 20
    [perday] => 500
    [quota] => 0
    [hour] => 17:05
    [email_sent] => 0
    [push_sent] => 0
    [count] => 5
)
	Array
(
    [date] => 2026-04-18
    [perminute] => 20
    [perday] => 500
    [quota] => 0
    [hour] => 17:10
    [email_sent] => 0
    [push_sent] => 0
    [count] => 5
)
	Array
(
    [date] => 2026-04-18
    [perminute] => 20
    [perday] => 500
    [quota] => 0
    [hour] => 17:15
    [email_sent] => 0
    [push_sent] => 0
    [count] => 5
)
	Array
(
    [date] => 2026-04-18
    [perminute] => 20
    [perday] => 500
    [quota] => 0
    [hour] => 17:20
    [email_sent] => 0
    [push_sent] => 0
    [count] => 5
)
	Array
(
    [date] => 2026-04-18
    [perminute] => 20
    [perday] => 500
    [quota] => 0
    [hour] => 17:25
    [email_sent] => 0
    [push_sent] => 0
    [count] => 5
)
	Array
(
    [date] => 2026-04-18
    [perminute] => 20
    [perday] => 500
    [quota] => 0
    [hour] => 17:30
    [email_sent] => 0
    [push_sent] => 0
    [count] => 5
)
	Array
(
    [date] => 2026-04-18
    [perminute] => 20
    [perday] => 500
    [quota] => 0
    [hour] => 17:35
    [email_sent] => 0
    [push_sent] => 0
    [count] => 5
)
	Error: php_network_getaddresses: getaddrinfo failed: Temporary failure in name resolution
#0 /var/www/chatelet/lib/Cake/Network/Email/SmtpTransport.php(146): CakeSocket->connect()
#1 /var/www/chatelet/lib/Cake/Network/Email/SmtpTransport.php(86): SmtpTransport->_connect()
#2 /var/www/chatelet/lib/Cake/Network/Email/CakeEmail.php(1177): SmtpTransport->send()
#3 /var/www/chatelet/app/Console/Command/NewsletterShell.php(449): CakeEmail->send()
#4 /var/www/chatelet/app/Console/Command/NewsletterShell.php(247): NewsletterShell->sendEmail()
#5 /var/www/chatelet/lib/Cake/Console/Shell.php(461): NewsletterShell->main()
#6 /var/www/chatelet/lib/Cake/Console/ShellDispatcher.php(212): Shell->runCommand()
#7 /var/www/chatelet/lib/Cake/Console/ShellDispatcher.php(66): ShellDispatcher->dispatch()
#8 /var/www/chatelet/app/Console/cake.php(36): ShellDispatcher::run()
#9 {main}
	Error: Connection timed out
#0 /var/www/chatelet/lib/Cake/Network/Email/SmtpTransport.php(146): CakeSocket->connect()
#1 /var/www/chatelet/lib/Cake/Network/Email/SmtpTransport.php(86): SmtpTransport->_connect()
#2 /var/www/chatelet/lib/Cake/Network/Email/CakeEmail.php(1177): SmtpTransport->send()
#3 /var/www/chatelet/app/Console/Command/NewsletterShell.php(449): CakeEmail->send()
#4 /var/www/chatelet/app/Console/Command/NewsletterShell.php(247): NewsletterShell->sendEmail()
#5 /var/www/chatelet/lib/Cake/Console/Shell.php(461): NewsletterShell->main()
#6 /var/www/chatelet/lib/Cake/Console/ShellDispatcher.php(212): Shell->runCommand()
#7 /var/www/chatelet/lib/Cake/Console/ShellDispatcher.php(66): ShellDispatcher->dispatch()
#8 /var/www/chatelet/app/Console/cake.php(36): ShellDispatcher::run()
#9 {main}
	Array
(
    [date] => 2026-04-18
    [perminute] => 20
    [perday] => 500
    [quota] => 5
    [hour] => 18:40
    [email_sent] => 0
    [push_sent] => 0
    [count] => 5
)
	Array
(
    [date] => 2026-04-18
    [perminute] => 20
    [perday] => 500
    [quota] => 10
    [hour] => 18:45
    [email_sent] => 0
    [push_sent] => 0
    [count] => 5
)
	Error: php_network_getaddresses: getaddrinfo failed: Temporary failure in name resolution
#0 /var/www/chatelet/lib/Cake/Network/Email/SmtpTransport.php(146): CakeSocket->connect()
#1 /var/www/chatelet/lib/Cake/Network/Email/SmtpTransport.php(86): SmtpTransport->_connect()
#2 /var/www/chatelet/lib/Cake/Network/Email/CakeEmail.php(1177): SmtpTransport->send()
#3 /var/www/chatelet/app/Console/Command/NewsletterShell.php(449): CakeEmail->send()
#4 /var/www/chatelet/app/Console/Command/NewsletterShell.php(247): NewsletterShell->sendEmail()
#5 /var/www/chatelet/lib/Cake/Console/Shell.php(461): NewsletterShell->main()
#6 /var/www/chatelet/lib/Cake/Console/ShellDispatcher.php(212): Shell->runCommand()
#7 /var/www/chatelet/lib/Cake/Console/ShellDispatcher.php(66): ShellDispatcher->dispatch()
#8 /var/www/chatelet/app/Console/cake.php(36): ShellDispatcher::run()
#9 {main}
	Array
(
    [date] => 2026-04-18
    [perminute] => 20
    [perday] => 500
    [quota] => 10
    [hour] => 18:55
    [email_sent] => 0
    [push_sent] => 0
    [count] => 5
)
	Error: php_network_getaddresses: getaddrinfo failed: Temporary failure in name resolution
#0 /var/www/chatelet/lib/Cake/Network/Email/SmtpTransport.php(146): CakeSocket->connect()
#1 /var/www/chatelet/lib/Cake/Network/Email/SmtpTransport.php(86): SmtpTransport->_connect()
#2 /var/www/chatelet/lib/Cake/Network/Email/CakeEmail.php(1177): SmtpTransport->send()
#3 /var/www/chatelet/app/Console/Command/NewsletterShell.php(449): CakeEmail->send()
#4 /var/www/chatelet/app/Console/Command/NewsletterShell.php(247): NewsletterShell->sendEmail()
#5 /var/www/chatelet/lib/Cake/Console/Shell.php(461): NewsletterShell->main()
#6 /var/www/chatelet/lib/Cake/Console/ShellDispatcher.php(212): Shell->runCommand()
#7 /var/www/chatelet/lib/Cake/Console/ShellDispatcher.php(66): ShellDispatcher->dispatch()
#8 /var/www/chatelet/app/Console/cake.php(36): ShellDispatcher::run()
#9 {main}
	Error: php_network_getaddresses: getaddrinfo failed: Temporary failure in name resolution
#0 /var/www/chatelet/lib/Cake/Network/Email/SmtpTransport.php(146): CakeSocket->connect()
#1 /var/www/chatelet/lib/Cake/Network/Email/SmtpTransport.php(86): SmtpTransport->_connect()
#2 /var/www/chatelet/lib/Cake/Network/Email/CakeEmail.php(1177): SmtpTransport->send()
#3 /var/www/chatelet/app/Console/Command/NewsletterShell.php(449): CakeEmail->send()
#4 /var/www/chatelet/app/Console/Command/NewsletterShell.php(247): NewsletterShell->sendEmail()
#5 /var/www/chatelet/lib/Cake/Console/Shell.php(461): NewsletterShell->main()
#6 /var/www/chatelet/lib/Cake/Console/ShellDispatcher.php(212): Shell->runCommand()
#7 /var/www/chatelet/lib/Cake/Console/ShellDispatcher.php(66): ShellDispatcher->dispatch()
#8 /var/www/chatelet/app/Console/cake.php(36): ShellDispatcher::run()
#9 {main}
	Error: php_network_getaddresses: getaddrinfo failed: Temporary failure in name resolution
#0 /var/www/chatelet/lib/Cake/Network/Email/SmtpTransport.php(146): CakeSocket->connect()
#1 /var/www/chatelet/lib/Cake/Network/Email/SmtpTransport.php(86): SmtpTransport->_connect()
#2 /var/www/chatelet/lib/Cake/Network/Email/CakeEmail.php(1177): SmtpTransport->send()
#3 /var/www/chatelet/app/Console/Command/NewsletterShell.php(449): CakeEmail->send()
#4 /var/www/chatelet/app/Console/Command/NewsletterShell.php(247): NewsletterShell->sendEmail()
#5 /var/www/chatelet/lib/Cake/Console/Shell.php(461): NewsletterShell->main()
#6 /var/www/chatelet/lib/Cake/Console/ShellDispatcher.php(212): Shell->runCommand()
#7 /var/www/chatelet/lib/Cake/Console/ShellDispatcher.php(66): ShellDispatcher->dispatch()
#8 /var/www/chatelet/app/Console/cake.php(36): ShellDispatcher::run()
#9 {main}
	Array
(
    [date] => 2026-04-18
    [perminute] => 20
    [perday] => 500
    [quota] => 10
    [hour] => 19:15
    [email_sent] => 0
    [push_sent] => 0
    [count] => 5
)
	Array
(
    [date] => 2026-04-18
    [perminute] => 20
    [perday] => 500
    [quota] => 10
    [hour] => 19:20
    [email_sent] => 0
    [push_sent] => 0
    [count] => 5
)
	Array
(
    [date] => 2026-04-18
    [perminute] => 20
    [perday] => 500
    [quota] => 10
    [hour] => 19:25
    [email_sent] => 0
    [push_sent] => 0
    [count] => 5
)
	Array
(
    [date] => 2026-04-18
    [perminute] => 20
    [perday] => 500
    [quota] => 10
    [hour] => 19:30
    [email_sent] => 0
    [push_sent] => 0
    [count] => 5
)
	Array
(
    [date] => 2026-04-18
    [perminute] => 20
    [perday] => 500
    [quota] => 10
    [hour] => 19:35
    [email_sent] => 0
    [push_sent] => 0
    [count] => 5
)
	Array
(
    [date] => 2026-04-18
    [perminute] => 20
    [perday] => 500
    [quota] => 10
    [hour] => 19:40
    [email_sent] => 0
    [push_sent] => 0
    [count] => 5
)
	Array
(
    [date] => 2026-04-18
    [perminute] => 20
    [perday] => 500
    [quota] => 10
    [hour] => 19:45
    [email_sent] => 0
    [push_sent] => 0
    [count] => 5
)
	Array
(
    [date] => 2026-04-18
    [perminute] => 20
    [perday] => 500
    [quota] => 10
    [hour] => 19:50
    [email_sent] => 0
    [push_sent] => 0
    [count] => 5
)
	Array
(
    [date] => 2026-04-18
    [perminute] => 20
    [perday] => 500
    [quota] => 10
    [hour] => 19:55
    [email_sent] => 0
    [push_sent] => 0
    [count] => 5
)
	Array
(
    [date] => 2026-04-18
    [perminute] => 20
    [perday] => 500
    [quota] => 10
    [hour] => 20:00
    [email_sent] => 0
    [push_sent] => 0
    [count] => 5
)
	Array
(
    [date] => 2026-04-18
    [perminute] => 20
    [perday] => 500
    [quota] => 10
    [hour] => 20:05
    [email_sent] => 0
    [push_sent] => 0
    [count] => 5
)
	Array
(
    [date] => 2026-04-18
    [perminute] => 20
    [perday] => 500
    [quota] => 10
    [hour] => 20:10
    [email_sent] => 0
    [push_sent] => 0
    [count] => 5
)
	Array
(
    [date] => 2026-04-18
    [perminute] => 20
    [perday] => 500
    [quota] => 10
    [hour] => 20:15
    [email_sent] => 0
    [push_sent] => 0
    [count] => 5
)
	Array
(
    [date] => 2026-04-18
    [perminute] => 20
    [perday] => 500
    [quota] => 10
    [hour] => 20:20
    [email_sent] => 0
    [push_sent] => 0
    [count] => 5
)
	Array
(
    [date] => 2026-04-18
    [perminute] => 20
    [perday] => 500
    [quota] => 10
    [hour] => 20:25
    [email_sent] => 0
    [push_sent] => 0
    [count] => 5
)
	Array
(
    [date] => 2026-04-18
    [perminute] => 20
    [perday] => 500
    [quota] => 10
    [hour] => 20:30
    [email_sent] => 0
    [push_sent] => 0
    [count] => 5
)
	Array
(
    [date] => 2026-04-18
    [perminute] => 20
    [perday] => 500
    [quota] => 10
    [hour] => 20:35
    [email_sent] => 0
    [push_sent] => 0
    [count] => 5
)
	Array
(
    [date] => 2026-04-18
    [perminute] => 20
    [perday] => 500
    [quota] => 10
    [hour] => 20:40
    [email_sent] => 0
    [push_sent] => 0
    [count] => 5
)
	Array
(
    [date] => 2026-04-18
    [perminute] => 20
    [perday] => 500
    [quota] => 10
    [hour] => 20:45
    [email_sent] => 0
    [push_sent] => 0
    [count] => 5
)
	Error: Connection timed out
#0 /var/www/chatelet/lib/Cake/Network/Email/SmtpTransport.php(146): CakeSocket->connect()
#1 /var/www/chatelet/lib/Cake/Network/Email/SmtpTransport.php(86): SmtpTransport->_connect()
#2 /var/www/chatelet/lib/Cake/Network/Email/CakeEmail.php(1177): SmtpTransport->send()
#3 /var/www/chatelet/app/Console/Command/NewsletterShell.php(449): CakeEmail->send()
#4 /var/www/chatelet/app/Console/Command/NewsletterShell.php(247): NewsletterShell->sendEmail()
#5 /var/www/chatelet/lib/Cake/Console/Shell.php(461): NewsletterShell->main()
#6 /var/www/chatelet/lib/Cake/Console/ShellDispatcher.php(212): Shell->runCommand()
#7 /var/www/chatelet/lib/Cake/Console/ShellDispatcher.php(66): ShellDispatcher->dispatch()
#8 /var/www/chatelet/app/Console/cake.php(36): ShellDispatcher::run()
#9 {main}
	Error: Connection timed out
#0 /var/www/chatelet/lib/Cake/Network/Email/SmtpTransport.php(146): CakeSocket->connect()
#1 /var/www/chatelet/lib/Cake/Network/Email/SmtpTransport.php(86): SmtpTransport->_connect()
#2 /var/www/chatelet/lib/Cake/Network/Email/CakeEmail.php(1177): SmtpTransport->send()
#3 /var/www/chatelet/app/Console/Command/NewsletterShell.php(449): CakeEmail->send()
#4 /var/www/chatelet/app/Console/Command/NewsletterShell.php(247): NewsletterShell->sendEmail()
#5 /var/www/chatelet/lib/Cake/Console/Shell.php(461): NewsletterShell->main()
#6 /var/www/chatelet/lib/Cake/Console/ShellDispatcher.php(212): Shell->runCommand()
#7 /var/www/chatelet/lib/Cake/Console/ShellDispatcher.php(66): ShellDispatcher->dispatch()
#8 /var/www/chatelet/app/Console/cake.php(36): ShellDispatcher::run()
#9 {main}
	Error: Connection timed out
#0 /var/www/chatelet/lib/Cake/Network/Email/SmtpTransport.php(146): CakeSocket->connect()
#1 /var/www/chatelet/lib/Cake/Network/Email/SmtpTransport.php(86): SmtpTransport->_connect()
#2 /var/www/chatelet/lib/Cake/Network/Email/CakeEmail.php(1177): SmtpTransport->send()
#3 /var/www/chatelet/app/Console/Command/NewsletterShell.php(449): CakeEmail->send()
#4 /var/www/chatelet/app/Console/Command/NewsletterShell.php(247): NewsletterShell->sendEmail()
#5 /var/www/chatelet/lib/Cake/Console/Shell.php(461): NewsletterShell->main()
#6 /var/www/chatelet/lib/Cake/Console/ShellDispatcher.php(212): Shell->runCommand()
#7 /var/www/chatelet/lib/Cake/Console/ShellDispatcher.php(66): ShellDispatcher->dispatch()
#8 /var/www/chatelet/app/Console/cake.php(36): ShellDispatcher::run()
#9 {main}
	Error: Connection timed out
#0 /var/www/chatelet/lib/Cake/Network/Email/SmtpTransport.php(146): CakeSocket->connect()
#1 /var/www/chatelet/lib/Cake/Network/Email/SmtpTransport.php(86): SmtpTransport->_connect()
#2 /var/www/chatelet/lib/Cake/Network/Email/CakeEmail.php(1177): SmtpTransport->send()
#3 /var/www/chatelet/app/Console/Command/NewsletterShell.php(449): CakeEmail->send()
#4 /var/www/chatelet/app/Console/Command/NewsletterShell.php(247): NewsletterShell->sendEmail()
#5 /var/www/chatelet/lib/Cake/Console/Shell.php(461): NewsletterShell->main()
#6 /var/www/chatelet/lib/Cake/Console/ShellDispatcher.php(212): Shell->runCommand()
#7 /var/www/chatelet/lib/Cake/Console/ShellDispatcher.php(66): ShellDispatcher->dispatch()
#8 /var/www/chatelet/app/Console/cake.php(36): ShellDispatcher::run()
#9 {main}
	Error: Connection timed out
#0 /var/www/chatelet/lib/Cake/Network/Email/SmtpTransport.php(146): CakeSocket->connect()
#1 /var/www/chatelet/lib/Cake/Network/Email/SmtpTransport.php(86): SmtpTransport->_connect()
#2 /var/www/chatelet/lib/Cake/Network/Email/CakeEmail.php(1177): SmtpTransport->send()
#3 /var/www/chatelet/app/Console/Command/NewsletterShell.php(449): CakeEmail->send()
#4 /var/www/chatelet/app/Console/Command/NewsletterShell.php(247): NewsletterShell->sendEmail()
#5 /var/www/chatelet/lib/Cake/Console/Shell.php(461): NewsletterShell->main()
#6 /var/www/chatelet/lib/Cake/Console/ShellDispatcher.php(212): Shell->runCommand()
#7 /var/www/chatelet/lib/Cake/Console/ShellDispatcher.php(66): ShellDispatcher->dispatch()
#8 /var/www/chatelet/app/Console/cake.php(36): ShellDispatcher::run()
#9 {main}
	Error: Connection timed out
#0 /var/www/chatelet/lib/Cake/Network/Email/SmtpTransport.php(146): CakeSocket->connect()
#1 /var/www/chatelet/lib/Cake/Network/Email/SmtpTransport.php(86): SmtpTransport->_connect()
#2 /var/www/chatelet/lib/Cake/Network/Email/CakeEmail.php(1177): SmtpTransport->send()
#3 /var/www/chatelet/app/Console/Command/NewsletterShell.php(449): CakeEmail->send()
#4 /var/www/chatelet/app/Console/Command/NewsletterShell.php(247): NewsletterShell->sendEmail()
#5 /var/www/chatelet/lib/Cake/Console/Shell.php(461): NewsletterShell->main()
#6 /var/www/chatelet/lib/Cake/Console/ShellDispatcher.php(212): Shell->runCommand()
#7 /var/www/chatelet/lib/Cake/Console/ShellDispatcher.php(66): ShellDispatcher->dispatch()
#8 /var/www/chatelet/app/Console/cake.php(36): ShellDispatcher::run()
#9 {main}
	Error: Connection timed out
#0 /var/www/chatelet/lib/Cake/Network/Email/SmtpTransport.php(146): CakeSocket->connect()
#1 /var/www/chatelet/lib/Cake/Network/Email/SmtpTransport.php(86): SmtpTransport->_connect()
#2 /var/www/chatelet/lib/Cake/Network/Email/CakeEmail.php(1177): SmtpTransport->send()
#3 /var/www/chatelet/app/Console/Command/NewsletterShell.php(449): CakeEmail->send()
#4 /var/www/chatelet/app/Console/Command/NewsletterShell.php(247): NewsletterShell->sendEmail()
#5 /var/www/chatelet/lib/Cake/Console/Shell.php(461): NewsletterShell->main()
#6 /var/www/chatelet/lib/Cake/Console/ShellDispatcher.php(212): Shell->runCommand()
#7 /var/www/chatelet/lib/Cake/Console/ShellDispatcher.php(66): ShellDispatcher->dispatch()
#8 /var/www/chatelet/app/Console/cake.php(36): ShellDispatcher::run()
#9 {main}
	Error: Connection timed out
#0 /var/www/chatelet/lib/Cake/Network/Email/SmtpTransport.php(146): CakeSocket->connect()
#1 /var/www/chatelet/lib/Cake/Network/Email/SmtpTransport.php(86): SmtpTransport->_connect()
#2 /var/www/chatelet/lib/Cake/Network/Email/CakeEmail.php(1177): SmtpTransport->send()
#3 /var/www/chatelet/app/Console/Command/NewsletterShell.php(449): CakeEmail->send()
#4 /var/www/chatelet/app/Console/Command/NewsletterShell.php(247): NewsletterShell->sendEmail()
#5 /var/www/chatelet/lib/Cake/Console/Shell.php(461): NewsletterShell->main()
#6 /var/www/chatelet/lib/Cake/Console/ShellDispatcher.php(212): Shell->runCommand()
#7 /var/www/chatelet/lib/Cake/Console/ShellDispatcher.php(66): ShellDispatcher->dispatch()
#8 /var/www/chatelet/app/Console/cake.php(36): ShellDispatcher::run()
#9 {main}
	Error: Connection timed out
#0 /var/www/chatelet/lib/Cake/Network/Email/SmtpTransport.php(146): CakeSocket->connect()
#1 /var/www/chatelet/lib/Cake/Network/Email/SmtpTransport.php(86): SmtpTransport->_connect()
#2 /var/www/chatelet/lib/Cake/Network/Email/CakeEmail.php(1177): SmtpTransport->send()
#3 /var/www/chatelet/app/Console/Command/NewsletterShell.php(449): CakeEmail->send()
#4 /var/www/chatelet/app/Console/Command/NewsletterShell.php(247): NewsletterShell->sendEmail()
#5 /var/www/chatelet/lib/Cake/Console/Shell.php(461): NewsletterShell->main()
#6 /var/www/chatelet/lib/Cake/Console/ShellDispatcher.php(212): Shell->runCommand()
#7 /var/www/chatelet/lib/Cake/Console/ShellDispatcher.php(66): ShellDispatcher->dispatch()
#8 /var/www/chatelet/app/Console/cake.php(36): ShellDispatcher::run()
#9 {main}
	2026-04-18 22:50:01 Debug: email(config):{
    "transport": "Smtp",
    "from": {
        "chateletnewsletter@gmail.com": "Chateletd"
    },
    "host": "smtp.google.com",
    "port": "587",
    "timeout": "30",
    "username": "chateletnewsletter@gmail.com",
    "password": "kprrixuajjplwnun",
    "charset": "utf-8",
    "tls": false
}
Error: Connection timed out
#0 /var/www/chatelet/lib/Cake/Network/Email/SmtpTransport.php(146): CakeSocket->connect()
#1 /var/www/chatelet/lib/Cake/Network/Email/SmtpTransport.php(86): SmtpTransport->_connect()
#2 /var/www/chatelet/lib/Cake/Network/Email/CakeEmail.php(1177): SmtpTransport->send()
#3 /var/www/chatelet/app/Console/Command/NewsletterShell.php(450): CakeEmail->send()
#4 /var/www/chatelet/app/Console/Command/NewsletterShell.php(247): NewsletterShell->sendEmail()
#5 /var/www/chatelet/lib/Cake/Console/Shell.php(461): NewsletterShell->main()
#6 /var/www/chatelet/lib/Cake/Console/ShellDispatcher.php(212): Shell->runCommand()
#7 /var/www/chatelet/lib/Cake/Console/ShellDispatcher.php(66): ShellDispatcher->dispatch()
#8 /var/www/chatelet/app/Console/cake.php(36): ShellDispatcher::run()
#9 {main}
	2026-04-18 22:55:01 Debug: email(config):{
    "transport": "Smtp",
    "from": {
        "chateletnewsletter@gmail.com": "Chateletd"
    },
    "host": "smtp.google.com",
    "port": 587,
    "timeout": 30,
    "username": "chateletnewsletter@gmail.com",
    "password": "kprrixuajjplwnun",
    "charset": "utf-8",
    "tls": true
}
Error: Connection timed out
#0 /var/www/chatelet/lib/Cake/Network/Email/SmtpTransport.php(146): CakeSocket->connect()
#1 /var/www/chatelet/lib/Cake/Network/Email/SmtpTransport.php(86): SmtpTransport->_connect()
#2 /var/www/chatelet/lib/Cake/Network/Email/CakeEmail.php(1177): SmtpTransport->send()
#3 /var/www/chatelet/app/Console/Command/NewsletterShell.php(450): CakeEmail->send()
#4 /var/www/chatelet/app/Console/Command/NewsletterShell.php(247): NewsletterShell->sendEmail()
#5 /var/www/chatelet/lib/Cake/Console/Shell.php(461): NewsletterShell->main()
#6 /var/www/chatelet/lib/Cake/Console/ShellDispatcher.php(212): Shell->runCommand()
#7 /var/www/chatelet/lib/Cake/Console/ShellDispatcher.php(66): ShellDispatcher->dispatch()
#8 /var/www/chatelet/app/Console/cake.php(36): ShellDispatcher::run()
#9 {main}
	Error: Connection timed out
#0 /var/www/chatelet/lib/Cake/Network/Email/SmtpTransport.php(146): CakeSocket->connect()
#1 /var/www/chatelet/lib/Cake/Network/Email/SmtpTransport.php(86): SmtpTransport->_connect()
#2 /var/www/chatelet/lib/Cake/Network/Email/CakeEmail.php(1177): SmtpTransport->send()
#3 /var/www/chatelet/app/Console/Command/NewsletterShell.php(449): CakeEmail->send()
#4 /var/www/chatelet/app/Console/Command/NewsletterShell.php(247): NewsletterShell->sendEmail()
#5 /var/www/chatelet/lib/Cake/Console/Shell.php(461): NewsletterShell->main()
#6 /var/www/chatelet/lib/Cake/Console/ShellDispatcher.php(212): Shell->runCommand()
#7 /var/www/chatelet/lib/Cake/Console/ShellDispatcher.php(66): ShellDispatcher->dispatch()
#8 /var/www/chatelet/app/Console/cake.php(36): ShellDispatcher::run()
#9 {main}
	Error: Connection timed out
#0 /var/www/chatelet/lib/Cake/Network/Email/SmtpTransport.php(146): CakeSocket->connect()
#1 /var/www/chatelet/lib/Cake/Network/Email/SmtpTransport.php(86): SmtpTransport->_connect()
#2 /var/www/chatelet/lib/Cake/Network/Email/CakeEmail.php(1177): SmtpTransport->send()
#3 /var/www/chatelet/app/Console/Command/NewsletterShell.php(449): CakeEmail->send()
#4 /var/www/chatelet/app/Console/Command/NewsletterShell.php(247): NewsletterShell->sendEmail()
#5 /var/www/chatelet/lib/Cake/Console/Shell.php(461): NewsletterShell->main()
#6 /var/www/chatelet/lib/Cake/Console/ShellDispatcher.php(212): Shell->runCommand()
#7 /var/www/chatelet/lib/Cake/Console/ShellDispatcher.php(66): ShellDispatcher->dispatch()
#8 /var/www/chatelet/app/Console/cake.php(36): ShellDispatcher::run()
#9 {main}
	Error: Connection timed out
#0 /var/www/chatelet/lib/Cake/Network/Email/SmtpTransport.php(146): CakeSocket->connect()
#1 /var/www/chatelet/lib/Cake/Network/Email/SmtpTransport.php(86): SmtpTransport->_connect()
#2 /var/www/chatelet/lib/Cake/Network/Email/CakeEmail.php(1177): SmtpTransport->send()
#3 /var/www/chatelet/app/Console/Command/NewsletterShell.php(449): CakeEmail->send()
#4 /var/www/chatelet/app/Console/Command/NewsletterShell.php(247): NewsletterShell->sendEmail()
#5 /var/www/chatelet/lib/Cake/Console/Shell.php(461): NewsletterShell->main()
#6 /var/www/chatelet/lib/Cake/Console/ShellDispatcher.php(212): Shell->runCommand()
#7 /var/www/chatelet/lib/Cake/Console/ShellDispatcher.php(66): ShellDispatcher->dispatch()
#8 /var/www/chatelet/app/Console/cake.php(36): ShellDispatcher::run()
#9 {main}
	Error: Connection timed out
#0 /var/www/chatelet/lib/Cake/Network/Email/SmtpTransport.php(146): CakeSocket->connect()
#1 /var/www/chatelet/lib/Cake/Network/Email/SmtpTransport.php(86): SmtpTransport->_connect()
#2 /var/www/chatelet/lib/Cake/Network/Email/CakeEmail.php(1177): SmtpTransport->send()
#3 /var/www/chatelet/app/Console/Command/NewsletterShell.php(449): CakeEmail->send()
#4 /var/www/chatelet/app/Console/Command/NewsletterShell.php(247): NewsletterShell->sendEmail()
#5 /var/www/chatelet/lib/Cake/Console/Shell.php(461): NewsletterShell->main()
#6 /var/www/chatelet/lib/Cake/Console/ShellDispatcher.php(212): Shell->runCommand()
#7 /var/www/chatelet/lib/Cake/Console/ShellDispatcher.php(66): ShellDispatcher->dispatch()
#8 /var/www/chatelet/app/Console/cake.php(36): ShellDispatcher::run()
#9 {main}
	Error: Connection timed out
#0 /var/www/chatelet/lib/Cake/Network/Email/SmtpTransport.php(146): CakeSocket->connect()
#1 /var/www/chatelet/lib/Cake/Network/Email/SmtpTransport.php(86): SmtpTransport->_connect()
#2 /var/www/chatelet/lib/Cake/Network/Email/CakeEmail.php(1177): SmtpTransport->send()
#3 /var/www/chatelet/app/Console/Command/NewsletterShell.php(449): CakeEmail->send()
#4 /var/www/chatelet/app/Console/Command/NewsletterShell.php(247): NewsletterShell->sendEmail()
#5 /var/www/chatelet/lib/Cake/Console/Shell.php(461): NewsletterShell->main()
#6 /var/www/chatelet/lib/Cake/Console/ShellDispatcher.php(212): Shell->runCommand()
#7 /var/www/chatelet/lib/Cake/Console/ShellDispatcher.php(66): ShellDispatcher->dispatch()
#8 /var/www/chatelet/app/Console/cake.php(36): ShellDispatcher::run()
#9 {main}
	Error: Connection timed out
#0 /var/www/chatelet/lib/Cake/Network/Email/SmtpTransport.php(146): CakeSocket->connect()
#1 /var/www/chatelet/lib/Cake/Network/Email/SmtpTransport.php(86): SmtpTransport->_connect()
#2 /var/www/chatelet/lib/Cake/Network/Email/CakeEmail.php(1177): SmtpTransport->send()
#3 /var/www/chatelet/app/Console/Command/NewsletterShell.php(449): CakeEmail->send()
#4 /var/www/chatelet/app/Console/Command/NewsletterShell.php(247): NewsletterShell->sendEmail()
#5 /var/www/chatelet/lib/Cake/Console/Shell.php(461): NewsletterShell->main()
#6 /var/www/chatelet/lib/Cake/Console/ShellDispatcher.php(212): Shell->runCommand()
#7 /var/www/chatelet/lib/Cake/Console/ShellDispatcher.php(66): ShellDispatcher->dispatch()
#8 /var/www/chatelet/app/Console/cake.php(36): ShellDispatcher::run()
#9 {main}
	Error: Connection timed out
#0 /var/www/chatelet/lib/Cake/Network/Email/SmtpTransport.php(146): CakeSocket->connect()
#1 /var/www/chatelet/lib/Cake/Network/Email/SmtpTransport.php(86): SmtpTransport->_connect()
#2 /var/www/chatelet/lib/Cake/Network/Email/CakeEmail.php(1177): SmtpTransport->send()
#3 /var/www/chatelet/app/Console/Command/NewsletterShell.php(449): CakeEmail->send()
#4 /var/www/chatelet/app/Console/Command/NewsletterShell.php(247): NewsletterShell->sendEmail()
#5 /var/www/chatelet/lib/Cake/Console/Shell.php(461): NewsletterShell->main()
#6 /var/www/chatelet/lib/Cake/Console/ShellDispatcher.php(212): Shell->runCommand()
#7 /var/www/chatelet/lib/Cake/Console/ShellDispatcher.php(66): ShellDispatcher->dispatch()
#8 /var/www/chatelet/app/Console/cake.php(36): ShellDispatcher::run()
#9 {main}
	Error: Connection timed out
#0 /var/www/chatelet/lib/Cake/Network/Email/SmtpTransport.php(146): CakeSocket->connect()
#1 /var/www/chatelet/lib/Cake/Network/Email/SmtpTransport.php(86): SmtpTransport->_connect()
#2 /var/www/chatelet/lib/Cake/Network/Email/CakeEmail.php(1177): SmtpTransport->send()
#3 /var/www/chatelet/app/Console/Command/NewsletterShell.php(453): CakeEmail->send()
#4 /var/www/chatelet/app/Console/Command/NewsletterShell.php(247): NewsletterShell->sendEmail()
#5 /var/www/chatelet/lib/Cake/Console/Shell.php(461): NewsletterShell->main()
#6 /var/www/chatelet/lib/Cake/Console/ShellDispatcher.php(212): Shell->runCommand()
#7 /var/www/chatelet/lib/Cake/Console/ShellDispatcher.php(66): ShellDispatcher->dispatch()
#8 /var/www/chatelet/app/Console/cake.php(36): ShellDispatcher::run()
#9 {main}
	Error: Connection timed out
#0 /var/www/chatelet/lib/Cake/Network/Email/SmtpTransport.php(146): CakeSocket->connect()
#1 /var/www/chatelet/lib/Cake/Network/Email/SmtpTransport.php(86): SmtpTransport->_connect()
#2 /var/www/chatelet/lib/Cake/Network/Email/CakeEmail.php(1177): SmtpTransport->send()
#3 /var/www/chatelet/app/Console/Command/NewsletterShell.php(453): CakeEmail->send()
#4 /var/www/chatelet/app/Console/Command/NewsletterShell.php(247): NewsletterShell->sendEmail()
#5 /var/www/chatelet/lib/Cake/Console/Shell.php(461): NewsletterShell->main()
#6 /var/www/chatelet/lib/Cake/Console/ShellDispatcher.php(212): Shell->runCommand()
#7 /var/www/chatelet/lib/Cake/Console/ShellDispatcher.php(66): ShellDispatcher->dispatch()
#8 /var/www/chatelet/app/Console/cake.php(36): ShellDispatcher::run()
#9 {main}
	Error: Connection timed out
#0 /var/www/chatelet/lib/Cake/Network/Email/SmtpTransport.php(146): CakeSocket->connect()
#1 /var/www/chatelet/lib/Cake/Network/Email/SmtpTransport.php(86): SmtpTransport->_connect()
#2 /var/www/chatelet/lib/Cake/Network/Email/CakeEmail.php(1177): SmtpTransport->send()
#3 /var/www/chatelet/app/Console/Command/NewsletterShell.php(453): CakeEmail->send()
#4 /var/www/chatelet/app/Console/Command/NewsletterShell.php(247): NewsletterShell->sendEmail()
#5 /var/www/chatelet/lib/Cake/Console/Shell.php(461): NewsletterShell->main()
#6 /var/www/chatelet/lib/Cake/Console/ShellDispatcher.php(212): Shell->runCommand()
#7 /var/www/chatelet/lib/Cake/Console/ShellDispatcher.php(66): ShellDispatcher->dispatch()
#8 /var/www/chatelet/app/Console/cake.php(36): ShellDispatcher::run()
#9 {main}
	Error: Connection timed out
#0 /var/www/chatelet/lib/Cake/Network/Email/SmtpTransport.php(146): CakeSocket->connect()
#1 /var/www/chatelet/lib/Cake/Network/Email/SmtpTransport.php(86): SmtpTransport->_connect()
#2 /var/www/chatelet/lib/Cake/Network/Email/CakeEmail.php(1177): SmtpTransport->send()
#3 /var/www/chatelet/app/Console/Command/NewsletterShell.php(453): CakeEmail->send()
#4 /var/www/chatelet/app/Console/Command/NewsletterShell.php(247): NewsletterShell->sendEmail()
#5 /var/www/chatelet/lib/Cake/Console/Shell.php(461): NewsletterShell->main()
#6 /var/www/chatelet/lib/Cake/Console/ShellDispatcher.php(212): Shell->runCommand()
#7 /var/www/chatelet/lib/Cake/Console/ShellDispatcher.php(66): ShellDispatcher->dispatch()
#8 /var/www/chatelet/app/Console/cake.php(36): ShellDispatcher::run()
#9 {main}
	Error: Connection timed out
#0 /var/www/chatelet/lib/Cake/Network/Email/SmtpTransport.php(146): CakeSocket->connect()
#1 /var/www/chatelet/lib/Cake/Network/Email/SmtpTransport.php(86): SmtpTransport->_connect()
#2 /var/www/chatelet/lib/Cake/Network/Email/CakeEmail.php(1177): SmtpTransport->send()
#3 /var/www/chatelet/app/Console/Command/NewsletterShell.php(453): CakeEmail->send()
#4 /var/www/chatelet/app/Console/Command/NewsletterShell.php(247): NewsletterShell->sendEmail()
#5 /var/www/chatelet/lib/Cake/Console/Shell.php(461): NewsletterShell->main()
#6 /var/www/chatelet/lib/Cake/Console/ShellDispatcher.php(212): Shell->runCommand()
#7 /var/www/chatelet/lib/Cake/Console/ShellDispatcher.php(66): ShellDispatcher->dispatch()
#8 /var/www/chatelet/app/Console/cake.php(36): ShellDispatcher::run()
#9 {main}
	Error: php_network_getaddresses: getaddrinfo failed: Temporary failure in name resolution
#0 /var/www/chatelet/lib/Cake/Network/Email/SmtpTransport.php(146): CakeSocket->connect()
#1 /var/www/chatelet/lib/Cake/Network/Email/SmtpTransport.php(86): SmtpTransport->_connect()
#2 /var/www/chatelet/lib/Cake/Network/Email/CakeEmail.php(1177): SmtpTransport->send()
#3 /var/www/chatelet/app/Console/Command/NewsletterShell.php(453): CakeEmail->send()
#4 /var/www/chatelet/app/Console/Command/NewsletterShell.php(247): NewsletterShell->sendEmail()
#5 /var/www/chatelet/lib/Cake/Console/Shell.php(461): NewsletterShell->main()
#6 /var/www/chatelet/lib/Cake/Console/ShellDispatcher.php(212): Shell->runCommand()
#7 /var/www/chatelet/lib/Cake/Console/ShellDispatcher.php(66): ShellDispatcher->dispatch()
#8 /var/www/chatelet/app/Console/cake.php(36): ShellDispatcher::run()
#9 {main}
	Error: Connection timed out
#0 /var/www/chatelet/lib/Cake/Network/Email/SmtpTransport.php(146): CakeSocket->connect()
#1 /var/www/chatelet/lib/Cake/Network/Email/SmtpTransport.php(86): SmtpTransport->_connect()
#2 /var/www/chatelet/lib/Cake/Network/Email/CakeEmail.php(1177): SmtpTransport->send()
#3 /var/www/chatelet/app/Console/Command/NewsletterShell.php(453): CakeEmail->send()
#4 /var/www/chatelet/app/Console/Command/NewsletterShell.php(247): NewsletterShell->sendEmail()
#5 /var/www/chatelet/lib/Cake/Console/Shell.php(461): NewsletterShell->main()
#6 /var/www/chatelet/lib/Cake/Console/ShellDispatcher.php(212): Shell->runCommand()
#7 /var/www/chatelet/lib/Cake/Console/ShellDispatcher.php(66): ShellDispatcher->dispatch()
#8 /var/www/chatelet/app/Console/cake.php(36): ShellDispatcher::run()
#9 {main}
	Error: Connection timed out
#0 /var/www/chatelet/lib/Cake/Network/Email/SmtpTransport.php(146): CakeSocket->connect()
#1 /var/www/chatelet/lib/Cake/Network/Email/SmtpTransport.php(86): SmtpTransport->_connect()
#2 /var/www/chatelet/lib/Cake/Network/Email/CakeEmail.php(1177): SmtpTransport->send()
#3 /var/www/chatelet/app/Console/Command/NewsletterShell.php(453): CakeEmail->send()
#4 /var/www/chatelet/app/Console/Command/NewsletterShell.php(247): NewsletterShell->sendEmail()
#5 /var/www/chatelet/lib/Cake/Console/Shell.php(461): NewsletterShell->main()
#6 /var/www/chatelet/lib/Cake/Console/ShellDispatcher.php(212): Shell->runCommand()
#7 /var/www/chatelet/lib/Cake/Console/ShellDispatcher.php(66): ShellDispatcher->dispatch()
#8 /var/www/chatelet/app/Console/cake.php(36): ShellDispatcher::run()
#9 {main}
	Error: Connection timed out
#0 /var/www/chatelet/lib/Cake/Network/Email/SmtpTransport.php(146): CakeSocket->connect()
#1 /var/www/chatelet/lib/Cake/Network/Email/SmtpTransport.php(86): SmtpTransport->_connect()
#2 /var/www/chatelet/lib/Cake/Network/Email/CakeEmail.php(1177): SmtpTransport->send()
#3 /var/www/chatelet/app/Console/Command/NewsletterShell.php(453): CakeEmail->send()
#4 /var/www/chatelet/app/Console/Command/NewsletterShell.php(247): NewsletterShell->sendEmail()
#5 /var/www/chatelet/lib/Cake/Console/Shell.php(461): NewsletterShell->main()
#6 /var/www/chatelet/lib/Cake/Console/ShellDispatcher.php(212): Shell->runCommand()
#7 /var/www/chatelet/lib/Cake/Console/ShellDispatcher.php(66): ShellDispatcher->dispatch()
#8 /var/www/chatelet/app/Console/cake.php(36): ShellDispatcher::run()
#9 {main}
	Error: Connection timed out
#0 /var/www/chatelet/lib/Cake/Network/Email/SmtpTransport.php(146): CakeSocket->connect()
#1 /var/www/chatelet/lib/Cake/Network/Email/SmtpTransport.php(86): SmtpTransport->_connect()
#2 /var/www/chatelet/lib/Cake/Network/Email/CakeEmail.php(1177): SmtpTransport->send()
#3 /var/www/chatelet/app/Console/Command/NewsletterShell.php(453): CakeEmail->send()
#4 /var/www/chatelet/app/Console/Command/NewsletterShell.php(247): NewsletterShell->sendEmail()
#5 /var/www/chatelet/lib/Cake/Console/Shell.php(461): NewsletterShell->main()
#6 /var/www/chatelet/lib/Cake/Console/ShellDispatcher.php(212): Shell->runCommand()
#7 /var/www/chatelet/lib/Cake/Console/ShellDispatcher.php(66): ShellDispatcher->dispatch()
#8 /var/www/chatelet/app/Console/cake.php(36): ShellDispatcher::run()
#9 {main}
	Error: Connection timed out
#0 /var/www/chatelet/lib/Cake/Network/Email/SmtpTransport.php(146): CakeSocket->connect()
#1 /var/www/chatelet/lib/Cake/Network/Email/SmtpTransport.php(86): SmtpTransport->_connect()
#2 /var/www/chatelet/lib/Cake/Network/Email/CakeEmail.php(1177): SmtpTransport->send()
#3 /var/www/chatelet/app/Console/Command/NewsletterShell.php(453): CakeEmail->send()
#4 /var/www/chatelet/app/Console/Command/NewsletterShell.php(247): NewsletterShell->sendEmail()
#5 /var/www/chatelet/lib/Cake/Console/Shell.php(461): NewsletterShell->main()
#6 /var/www/chatelet/lib/Cake/Console/ShellDispatcher.php(212): Shell->runCommand()
#7 /var/www/chatelet/lib/Cake/Console/ShellDispatcher.php(66): ShellDispatcher->dispatch()
#8 /var/www/chatelet/app/Console/cake.php(36): ShellDispatcher::run()
#9 {main}
	Error: Connection timed out
#0 /var/www/chatelet/lib/Cake/Network/Email/SmtpTransport.php(146): CakeSocket->connect()
#1 /var/www/chatelet/lib/Cake/Network/Email/SmtpTransport.php(86): SmtpTransport->_connect()
#2 /var/www/chatelet/lib/Cake/Network/Email/CakeEmail.php(1177): SmtpTransport->send()
#3 /var/www/chatelet/app/Console/Command/NewsletterShell.php(453): CakeEmail->send()
#4 /var/www/chatelet/app/Console/Command/NewsletterShell.php(247): NewsletterShell->sendEmail()
#5 /var/www/chatelet/lib/Cake/Console/Shell.php(461): NewsletterShell->main()
#6 /var/www/chatelet/lib/Cake/Console/ShellDispatcher.php(212): Shell->runCommand()
#7 /var/www/chatelet/lib/Cake/Console/ShellDispatcher.php(66): ShellDispatcher->dispatch()
#8 /var/www/chatelet/app/Console/cake.php(36): ShellDispatcher::run()
#9 {main}
	Error: Connection timed out
#0 /var/www/chatelet/lib/Cake/Network/Email/SmtpTransport.php(146): CakeSocket->connect()
#1 /var/www/chatelet/lib/Cake/Network/Email/SmtpTransport.php(86): SmtpTransport->_connect()
#2 /var/www/chatelet/lib/Cake/Network/Email/CakeEmail.php(1177): SmtpTransport->send()
#3 /var/www/chatelet/app/Console/Command/NewsletterShell.php(453): CakeEmail->send()
#4 /var/www/chatelet/app/Console/Command/NewsletterShell.php(247): NewsletterShell->sendEmail()
#5 /var/www/chatelet/lib/Cake/Console/Shell.php(461): NewsletterShell->main()
#6 /var/www/chatelet/lib/Cake/Console/ShellDispatcher.php(212): Shell->runCommand()
#7 /var/www/chatelet/lib/Cake/Console/ShellDispatcher.php(66): ShellDispatcher->dispatch()
#8 /var/www/chatelet/app/Console/cake.php(36): ShellDispatcher::run()
#9 {main}
	Error: Connection timed out
#0 /var/www/chatelet/lib/Cake/Network/Email/SmtpTransport.php(146): CakeSocket->connect()
#1 /var/www/chatelet/lib/Cake/Network/Email/SmtpTransport.php(86): SmtpTransport->_connect()
#2 /var/www/chatelet/lib/Cake/Network/Email/CakeEmail.php(1177): SmtpTransport->send()
#3 /var/www/chatelet/app/Console/Command/NewsletterShell.php(453): CakeEmail->send()
#4 /var/www/chatelet/app/Console/Command/NewsletterShell.php(247): NewsletterShell->sendEmail()
#5 /var/www/chatelet/lib/Cake/Console/Shell.php(461): NewsletterShell->main()
#6 /var/www/chatelet/lib/Cake/Console/ShellDispatcher.php(212): Shell->runCommand()
#7 /var/www/chatelet/lib/Cake/Console/ShellDispatcher.php(66): ShellDispatcher->dispatch()
#8 /var/www/chatelet/app/Console/cake.php(36): ShellDispatcher::run()
#9 {main}
	Error: Connection timed out
#0 /var/www/chatelet/lib/Cake/Network/Email/SmtpTransport.php(146): CakeSocket->connect()
#1 /var/www/chatelet/lib/Cake/Network/Email/SmtpTransport.php(86): SmtpTransport->_connect()
#2 /var/www/chatelet/lib/Cake/Network/Email/CakeEmail.php(1177): SmtpTransport->send()
#3 /var/www/chatelet/app/Console/Command/NewsletterShell.php(453): CakeEmail->send()
#4 /var/www/chatelet/app/Console/Command/NewsletterShell.php(247): NewsletterShell->sendEmail()
#5 /var/www/chatelet/lib/Cake/Console/Shell.php(461): NewsletterShell->main()
#6 /var/www/chatelet/lib/Cake/Console/ShellDispatcher.php(212): Shell->runCommand()
#7 /var/www/chatelet/lib/Cake/Console/ShellDispatcher.php(66): ShellDispatcher->dispatch()
#8 /var/www/chatelet/app/Console/cake.php(36): ShellDispatcher::run()
#9 {main}
	Error: Connection timed out
#0 /var/www/chatelet/lib/Cake/Network/Email/SmtpTransport.php(146): CakeSocket->connect()
#1 /var/www/chatelet/lib/Cake/Network/Email/SmtpTransport.php(86): SmtpTransport->_connect()
#2 /var/www/chatelet/lib/Cake/Network/Email/CakeEmail.php(1177): SmtpTransport->send()
#3 /var/www/chatelet/app/Console/Command/NewsletterShell.php(453): CakeEmail->send()
#4 /var/www/chatelet/app/Console/Command/NewsletterShell.php(247): NewsletterShell->sendEmail()
#5 /var/www/chatelet/lib/Cake/Console/Shell.php(461): NewsletterShell->main()
#6 /var/www/chatelet/lib/Cake/Console/ShellDispatcher.php(212): Shell->runCommand()
#7 /var/www/chatelet/lib/Cake/Console/ShellDispatcher.php(66): ShellDispatcher->dispatch()
#8 /var/www/chatelet/app/Console/cake.php(36): ShellDispatcher::run()
#9 {main}
	Error: Connection timed out
#0 /var/www/chatelet/lib/Cake/Network/Email/SmtpTransport.php(146): CakeSocket->connect()
#1 /var/www/chatelet/lib/Cake/Network/Email/SmtpTransport.php(86): SmtpTransport->_connect()
#2 /var/www/chatelet/lib/Cake/Network/Email/CakeEmail.php(1177): SmtpTransport->send()
#3 /var/www/chatelet/app/Console/Command/NewsletterShell.php(453): CakeEmail->send()
#4 /var/www/chatelet/app/Console/Command/NewsletterShell.php(247): NewsletterShell->sendEmail()
#5 /var/www/chatelet/lib/Cake/Console/Shell.php(461): NewsletterShell->main()
#6 /var/www/chatelet/lib/Cake/Console/ShellDispatcher.php(212): Shell->runCommand()
#7 /var/www/chatelet/lib/Cake/Console/ShellDispatcher.php(66): ShellDispatcher->dispatch()
#8 /var/www/chatelet/app/Console/cake.php(36): ShellDispatcher::run()
#9 {main}
	Error: Connection timed out
#0 /var/www/chatelet/lib/Cake/Network/Email/SmtpTransport.php(146): CakeSocket->connect()
#1 /var/www/chatelet/lib/Cake/Network/Email/SmtpTransport.php(86): SmtpTransport->_connect()
#2 /var/www/chatelet/lib/Cake/Network/Email/CakeEmail.php(1177): SmtpTransport->send()
#3 /var/www/chatelet/app/Console/Command/NewsletterShell.php(453): CakeEmail->send()
#4 /var/www/chatelet/app/Console/Command/NewsletterShell.php(247): NewsletterShell->sendEmail()
#5 /var/www/chatelet/lib/Cake/Console/Shell.php(461): NewsletterShell->main()
#6 /var/www/chatelet/lib/Cake/Console/ShellDispatcher.php(212): Shell->runCommand()
#7 /var/www/chatelet/lib/Cake/Console/ShellDispatcher.php(66): ShellDispatcher->dispatch()
#8 /var/www/chatelet/app/Console/cake.php(36): ShellDispatcher::run()
#9 {main}
	Error: Connection timed out
#0 /var/www/chatelet/lib/Cake/Network/Email/SmtpTransport.php(146): CakeSocket->connect()
#1 /var/www/chatelet/lib/Cake/Network/Email/SmtpTransport.php(86): SmtpTransport->_connect()
#2 /var/www/chatelet/lib/Cake/Network/Email/CakeEmail.php(1177): SmtpTransport->send()
#3 /var/www/chatelet/app/Console/Command/NewsletterShell.php(453): CakeEmail->send()
#4 /var/www/chatelet/app/Console/Command/NewsletterShell.php(247): NewsletterShell->sendEmail()
#5 /var/www/chatelet/lib/Cake/Console/Shell.php(461): NewsletterShell->main()
#6 /var/www/chatelet/lib/Cake/Console/ShellDispatcher.php(212): Shell->runCommand()
#7 /var/www/chatelet/lib/Cake/Console/ShellDispatcher.php(66): ShellDispatcher->dispatch()
#8 /var/www/chatelet/app/Console/cake.php(36): ShellDispatcher::run()
#9 {main}
	Error: Connection timed out
#0 /var/www/chatelet/lib/Cake/Network/Email/SmtpTransport.php(146): CakeSocket->connect()
#1 /var/www/chatelet/lib/Cake/Network/Email/SmtpTransport.php(86): SmtpTransport->_connect()
#2 /var/www/chatelet/lib/Cake/Network/Email/CakeEmail.php(1177): SmtpTransport->send()
#3 /var/www/chatelet/app/Console/Command/NewsletterShell.php(453): CakeEmail->send()
#4 /var/www/chatelet/app/Console/Command/NewsletterShell.php(247): NewsletterShell->sendEmail()
#5 /var/www/chatelet/lib/Cake/Console/Shell.php(461): NewsletterShell->main()
#6 /var/www/chatelet/lib/Cake/Console/ShellDispatcher.php(212): Shell->runCommand()
#7 /var/www/chatelet/lib/Cake/Console/ShellDispatcher.php(66): ShellDispatcher->dispatch()
#8 /var/www/chatelet/app/Console/cake.php(36): ShellDispatcher::run()
#9 {main}
	Error: Connection timed out
#0 /var/www/chatelet/lib/Cake/Network/Email/SmtpTransport.php(146): CakeSocket->connect()
#1 /var/www/chatelet/lib/Cake/Network/Email/SmtpTransport.php(86): SmtpTransport->_connect()
#2 /var/www/chatelet/lib/Cake/Network/Email/CakeEmail.php(1177): SmtpTransport->send()
#3 /var/www/chatelet/app/Console/Command/NewsletterShell.php(453): CakeEmail->send()
#4 /var/www/chatelet/app/Console/Command/NewsletterShell.php(247): NewsletterShell->sendEmail()
#5 /var/www/chatelet/lib/Cake/Console/Shell.php(461): NewsletterShell->main()
#6 /var/www/chatelet/lib/Cake/Console/ShellDispatcher.php(212): Shell->runCommand()
#7 /var/www/chatelet/lib/Cake/Console/ShellDispatcher.php(66): ShellDispatcher->dispatch()
#8 /var/www/chatelet/app/Console/cake.php(36): ShellDispatcher::run()
#9 {main}
	Error: Connection timed out
#0 /var/www/chatelet/lib/Cake/Network/Email/SmtpTransport.php(146): CakeSocket->connect()
#1 /var/www/chatelet/lib/Cake/Network/Email/SmtpTransport.php(86): SmtpTransport->_connect()
#2 /var/www/chatelet/lib/Cake/Network/Email/CakeEmail.php(1177): SmtpTransport->send()
#3 /var/www/chatelet/app/Console/Command/NewsletterShell.php(453): CakeEmail->send()
#4 /var/www/chatelet/app/Console/Command/NewsletterShell.php(247): NewsletterShell->sendEmail()
#5 /var/www/chatelet/lib/Cake/Console/Shell.php(461): NewsletterShell->main()
#6 /var/www/chatelet/lib/Cake/Console/ShellDispatcher.php(212): Shell->runCommand()
#7 /var/www/chatelet/lib/Cake/Console/ShellDispatcher.php(66): ShellDispatcher->dispatch()
#8 /var/www/chatelet/app/Console/cake.php(36): ShellDispatcher::run()
#9 {main}
	Error: Connection timed out
#0 /var/www/chatelet/lib/Cake/Network/Email/SmtpTransport.php(146): CakeSocket->connect()
#1 /var/www/chatelet/lib/Cake/Network/Email/SmtpTransport.php(86): SmtpTransport->_connect()
#2 /var/www/chatelet/lib/Cake/Network/Email/CakeEmail.php(1177): SmtpTransport->send()
#3 /var/www/chatelet/app/Console/Command/NewsletterShell.php(453): CakeEmail->send()
#4 /var/www/chatelet/app/Console/Command/NewsletterShell.php(247): NewsletterShell->sendEmail()
#5 /var/www/chatelet/lib/Cake/Console/Shell.php(461): NewsletterShell->main()
#6 /var/www/chatelet/lib/Cake/Console/ShellDispatcher.php(212): Shell->runCommand()
#7 /var/www/chatelet/lib/Cake/Console/ShellDispatcher.php(66): ShellDispatcher->dispatch()
#8 /var/www/chatelet/app/Console/cake.php(36): ShellDispatcher::run()
#9 {main}
	Error: Connection timed out
#0 /var/www/chatelet/lib/Cake/Network/Email/SmtpTransport.php(146): CakeSocket->connect()
#1 /var/www/chatelet/lib/Cake/Network/Email/SmtpTransport.php(86): SmtpTransport->_connect()
#2 /var/www/chatelet/lib/Cake/Network/Email/CakeEmail.php(1177): SmtpTransport->send()
#3 /var/www/chatelet/app/Console/Command/NewsletterShell.php(453): CakeEmail->send()
#4 /var/www/chatelet/app/Console/Command/NewsletterShell.php(247): NewsletterShell->sendEmail()
#5 /var/www/chatelet/lib/Cake/Console/Shell.php(461): NewsletterShell->main()
#6 /var/www/chatelet/lib/Cake/Console/ShellDispatcher.php(212): Shell->runCommand()
#7 /var/www/chatelet/lib/Cake/Console/ShellDispatcher.php(66): ShellDispatcher->dispatch()
#8 /var/www/chatelet/app/Console/cake.php(36): ShellDispatcher::run()
#9 {main}
	Error: Connection timed out
#0 /var/www/chatelet/lib/Cake/Network/Email/SmtpTransport.php(146): CakeSocket->connect()
#1 /var/www/chatelet/lib/Cake/Network/Email/SmtpTransport.php(86): SmtpTransport->_connect()
#2 /var/www/chatelet/lib/Cake/Network/Email/CakeEmail.php(1177): SmtpTransport->send()
#3 /var/www/chatelet/app/Console/Command/NewsletterShell.php(453): CakeEmail->send()
#4 /var/www/chatelet/app/Console/Command/NewsletterShell.php(247): NewsletterShell->sendEmail()
#5 /var/www/chatelet/lib/Cake/Console/Shell.php(461): NewsletterShell->main()
#6 /var/www/chatelet/lib/Cake/Console/ShellDispatcher.php(212): Shell->runCommand()
#7 /var/www/chatelet/lib/Cake/Console/ShellDispatcher.php(66): ShellDispatcher->dispatch()
#8 /var/www/chatelet/app/Console/cake.php(36): ShellDispatcher::run()
#9 {main}
	Error: Connection timed out
#0 /var/www/chatelet/lib/Cake/Network/Email/SmtpTransport.php(146): CakeSocket->connect()
#1 /var/www/chatelet/lib/Cake/Network/Email/SmtpTransport.php(86): SmtpTransport->_connect()
#2 /var/www/chatelet/lib/Cake/Network/Email/CakeEmail.php(1177): SmtpTransport->send()
#3 /var/www/chatelet/app/Console/Command/NewsletterShell.php(453): CakeEmail->send()
#4 /var/www/chatelet/app/Console/Command/NewsletterShell.php(247): NewsletterShell->sendEmail()
#5 /var/www/chatelet/lib/Cake/Console/Shell.php(461): NewsletterShell->main()
#6 /var/www/chatelet/lib/Cake/Console/ShellDispatcher.php(212): Shell->runCommand()
#7 /var/www/chatelet/lib/Cake/Console/ShellDispatcher.php(66): ShellDispatcher->dispatch()
#8 /var/www/chatelet/app/Console/cake.php(36): ShellDispatcher::run()
#9 {main}
	Error: Connection timed out
#0 /var/www/chatelet/lib/Cake/Network/Email/SmtpTransport.php(146): CakeSocket->connect()
#1 /var/www/chatelet/lib/Cake/Network/Email/SmtpTransport.php(86): SmtpTransport->_connect()
#2 /var/www/chatelet/lib/Cake/Network/Email/CakeEmail.php(1177): SmtpTransport->send()
#3 /var/www/chatelet/app/Console/Command/NewsletterShell.php(453): CakeEmail->send()
#4 /var/www/chatelet/app/Console/Command/NewsletterShell.php(247): NewsletterShell->sendEmail()
#5 /var/www/chatelet/lib/Cake/Console/Shell.php(461): NewsletterShell->main()
#6 /var/www/chatelet/lib/Cake/Console/ShellDispatcher.php(212): Shell->runCommand()
#7 /var/www/chatelet/lib/Cake/Console/ShellDispatcher.php(66): ShellDispatcher->dispatch()
#8 /var/www/chatelet/app/Console/cake.php(36): ShellDispatcher::run()
#9 {main}
	Error: php_network_getaddresses: getaddrinfo failed: Temporary failure in name resolution
#0 /var/www/chatelet/lib/Cake/Network/Email/SmtpTransport.php(146): CakeSocket->connect()
#1 /var/www/chatelet/lib/Cake/Network/Email/SmtpTransport.php(86): SmtpTransport->_connect()
#2 /var/www/chatelet/lib/Cake/Network/Email/CakeEmail.php(1177): SmtpTransport->send()
#3 /var/www/chatelet/app/Console/Command/NewsletterShell.php(453): CakeEmail->send()
#4 /var/www/chatelet/app/Console/Command/NewsletterShell.php(247): NewsletterShell->sendEmail()
#5 /var/www/chatelet/lib/Cake/Console/Shell.php(461): NewsletterShell->main()
#6 /var/www/chatelet/lib/Cake/Console/ShellDispatcher.php(212): Shell->runCommand()
#7 /var/www/chatelet/lib/Cake/Console/ShellDispatcher.php(66): ShellDispatcher->dispatch()
#8 /var/www/chatelet/app/Console/cake.php(36): ShellDispatcher::run()
#9 {main}
	Error: php_network_getaddresses: getaddrinfo failed: Temporary failure in name resolution
#0 /var/www/chatelet/lib/Cake/Network/Email/SmtpTransport.php(146): CakeSocket->connect()
#1 /var/www/chatelet/lib/Cake/Network/Email/SmtpTransport.php(86): SmtpTransport->_connect()
#2 /var/www/chatelet/lib/Cake/Network/Email/CakeEmail.php(1177): SmtpTransport->send()
#3 /var/www/chatelet/app/Console/Command/NewsletterShell.php(453): CakeEmail->send()
#4 /var/www/chatelet/app/Console/Command/NewsletterShell.php(247): NewsletterShell->sendEmail()
#5 /var/www/chatelet/lib/Cake/Console/Shell.php(461): NewsletterShell->main()
#6 /var/www/chatelet/lib/Cake/Console/ShellDispatcher.php(212): Shell->runCommand()
#7 /var/www/chatelet/lib/Cake/Console/ShellDispatcher.php(66): ShellDispatcher->dispatch()
#8 /var/www/chatelet/app/Console/cake.php(36): ShellDispatcher::run()
#9 {main}
	Error: Connection timed out
#0 /var/www/chatelet/lib/Cake/Network/Email/SmtpTransport.php(146): CakeSocket->connect()
#1 /var/www/chatelet/lib/Cake/Network/Email/SmtpTransport.php(86): SmtpTransport->_connect()
#2 /var/www/chatelet/lib/Cake/Network/Email/CakeEmail.php(1177): SmtpTransport->send()
#3 /var/www/chatelet/app/Console/Command/NewsletterShell.php(453): CakeEmail->send()
#4 /var/www/chatelet/app/Console/Command/NewsletterShell.php(247): NewsletterShell->sendEmail()
#5 /var/www/chatelet/lib/Cake/Console/Shell.php(461): NewsletterShell->main()
#6 /var/www/chatelet/lib/Cake/Console/ShellDispatcher.php(212): Shell->runCommand()
#7 /var/www/chatelet/lib/Cake/Console/ShellDispatcher.php(66): ShellDispatcher->dispatch()
#8 /var/www/chatelet/app/Console/cake.php(36): ShellDispatcher::run()
#9 {main}
	Error: Connection timed out
#0 /var/www/chatelet/lib/Cake/Network/Email/SmtpTransport.php(146): CakeSocket->connect()
#1 /var/www/chatelet/lib/Cake/Network/Email/SmtpTransport.php(86): SmtpTransport->_connect()
#2 /var/www/chatelet/lib/Cake/Network/Email/CakeEmail.php(1177): SmtpTransport->send()
#3 /var/www/chatelet/app/Console/Command/NewsletterShell.php(453): CakeEmail->send()
#4 /var/www/chatelet/app/Console/Command/NewsletterShell.php(247): NewsletterShell->sendEmail()
#5 /var/www/chatelet/lib/Cake/Console/Shell.php(461): NewsletterShell->main()
#6 /var/www/chatelet/lib/Cake/Console/ShellDispatcher.php(212): Shell->runCommand()
#7 /var/www/chatelet/lib/Cake/Console/ShellDispatcher.php(66): ShellDispatcher->dispatch()
#8 /var/www/chatelet/app/Console/cake.php(36): ShellDispatcher::run()
#9 {main}
	Error: Connection timed out
#0 /var/www/chatelet/lib/Cake/Network/Email/SmtpTransport.php(146): CakeSocket->connect()
#1 /var/www/chatelet/lib/Cake/Network/Email/SmtpTransport.php(86): SmtpTransport->_connect()
#2 /var/www/chatelet/lib/Cake/Network/Email/CakeEmail.php(1177): SmtpTransport->send()
#3 /var/www/chatelet/app/Console/Command/NewsletterShell.php(453): CakeEmail->send()
#4 /var/www/chatelet/app/Console/Command/NewsletterShell.php(247): NewsletterShell->sendEmail()
#5 /var/www/chatelet/lib/Cake/Console/Shell.php(461): NewsletterShell->main()
#6 /var/www/chatelet/lib/Cake/Console/ShellDispatcher.php(212): Shell->runCommand()
#7 /var/www/chatelet/lib/Cake/Console/ShellDispatcher.php(66): ShellDispatcher->dispatch()
#8 /var/www/chatelet/app/Console/cake.php(36): ShellDispatcher::run()
#9 {main}
	Error: Connection timed out
#0 /var/www/chatelet/lib/Cake/Network/Email/SmtpTransport.php(146): CakeSocket->connect()
#1 /var/www/chatelet/lib/Cake/Network/Email/SmtpTransport.php(86): SmtpTransport->_connect()
#2 /var/www/chatelet/lib/Cake/Network/Email/CakeEmail.php(1177): SmtpTransport->send()
#3 /var/www/chatelet/app/Console/Command/NewsletterShell.php(453): CakeEmail->send()
#4 /var/www/chatelet/app/Console/Command/NewsletterShell.php(247): NewsletterShell->sendEmail()
#5 /var/www/chatelet/lib/Cake/Console/Shell.php(461): NewsletterShell->main()
#6 /var/www/chatelet/lib/Cake/Console/ShellDispatcher.php(212): Shell->runCommand()
#7 /var/www/chatelet/lib/Cake/Console/ShellDispatcher.php(66): ShellDispatcher->dispatch()
#8 /var/www/chatelet/app/Console/cake.php(36): ShellDispatcher::run()
#9 {main}
	Error: Connection timed out
#0 /var/www/chatelet/lib/Cake/Network/Email/SmtpTransport.php(146): CakeSocket->connect()
#1 /var/www/chatelet/lib/Cake/Network/Email/SmtpTransport.php(86): SmtpTransport->_connect()
#2 /var/www/chatelet/lib/Cake/Network/Email/CakeEmail.php(1177): SmtpTransport->send()
#3 /var/www/chatelet/app/Console/Command/NewsletterShell.php(453): CakeEmail->send()
#4 /var/www/chatelet/app/Console/Command/NewsletterShell.php(247): NewsletterShell->sendEmail()
#5 /var/www/chatelet/lib/Cake/Console/Shell.php(461): NewsletterShell->main()
#6 /var/www/chatelet/lib/Cake/Console/ShellDispatcher.php(212): Shell->runCommand()
#7 /var/www/chatelet/lib/Cake/Console/ShellDispatcher.php(66): ShellDispatcher->dispatch()
#8 /var/www/chatelet/app/Console/cake.php(36): ShellDispatcher::run()
#9 {main}
	Error: Connection timed out
#0 /var/www/chatelet/lib/Cake/Network/Email/SmtpTransport.php(146): CakeSocket->connect()
#1 /var/www/chatelet/lib/Cake/Network/Email/SmtpTransport.php(86): SmtpTransport->_connect()
#2 /var/www/chatelet/lib/Cake/Network/Email/CakeEmail.php(1177): SmtpTransport->send()
#3 /var/www/chatelet/app/Console/Command/NewsletterShell.php(453): CakeEmail->send()
#4 /var/www/chatelet/app/Console/Command/NewsletterShell.php(247): NewsletterShell->sendEmail()
#5 /var/www/chatelet/lib/Cake/Console/Shell.php(461): NewsletterShell->main()
#6 /var/www/chatelet/lib/Cake/Console/ShellDispatcher.php(212): Shell->runCommand()
#7 /var/www/chatelet/lib/Cake/Console/ShellDispatcher.php(66): ShellDispatcher->dispatch()
#8 /var/www/chatelet/app/Console/cake.php(36): ShellDispatcher::run()
#9 {main}
	Error: Connection timed out
#0 /var/www/chatelet/lib/Cake/Network/Email/SmtpTransport.php(146): CakeSocket->connect()
#1 /var/www/chatelet/lib/Cake/Network/Email/SmtpTransport.php(86): SmtpTransport->_connect()
#2 /var/www/chatelet/lib/Cake/Network/Email/CakeEmail.php(1177): SmtpTransport->send()
#3 /var/www/chatelet/app/Console/Command/NewsletterShell.php(453): CakeEmail->send()
#4 /var/www/chatelet/app/Console/Command/NewsletterShell.php(247): NewsletterShell->sendEmail()
#5 /var/www/chatelet/lib/Cake/Console/Shell.php(461): NewsletterShell->main()
#6 /var/www/chatelet/lib/Cake/Console/ShellDispatcher.php(212): Shell->runCommand()
#7 /var/www/chatelet/lib/Cake/Console/ShellDispatcher.php(66): ShellDispatcher->dispatch()
#8 /var/www/chatelet/app/Console/cake.php(36): ShellDispatcher::run()
#9 {main}
	Error: Connection timed out
#0 /var/www/chatelet/lib/Cake/Network/Email/SmtpTransport.php(146): CakeSocket->connect()
#1 /var/www/chatelet/lib/Cake/Network/Email/SmtpTransport.php(86): SmtpTransport->_connect()
#2 /var/www/chatelet/lib/Cake/Network/Email/CakeEmail.php(1177): SmtpTransport->send()
#3 /var/www/chatelet/app/Console/Command/NewsletterShell.php(453): CakeEmail->send()
#4 /var/www/chatelet/app/Console/Command/NewsletterShell.php(247): NewsletterShell->sendEmail()
#5 /var/www/chatelet/lib/Cake/Console/Shell.php(461): NewsletterShell->main()
#6 /var/www/chatelet/lib/Cake/Console/ShellDispatcher.php(212): Shell->runCommand()
#7 /var/www/chatelet/lib/Cake/Console/ShellDispatcher.php(66): ShellDispatcher->dispatch()
#8 /var/www/chatelet/app/Console/cake.php(36): ShellDispatcher::run()
#9 {main}
						Error: Connection timed out
#0 /var/www/chatelet/lib/Cake/Network/Email/SmtpTransport.php(146): CakeSocket->connect()
#1 /var/www/chatelet/lib/Cake/Network/Email/SmtpTransport.php(86): SmtpTransport->_connect()
#2 /var/www/chatelet/lib/Cake/Network/Email/CakeEmail.php(1177): SmtpTransport->send()
#3 /var/www/chatelet/app/Console/Command/NewsletterShell.php(453): CakeEmail->send()
#4 /var/www/chatelet/app/Console/Command/NewsletterShell.php(247): NewsletterShell->sendEmail()
#5 /var/www/chatelet/lib/Cake/Console/Shell.php(461): NewsletterShell->main()
#6 /var/www/chatelet/lib/Cake/Console/ShellDispatcher.php(212): Shell->runCommand()
#7 /var/www/chatelet/lib/Cake/Console/ShellDispatcher.php(66): ShellDispatcher->dispatch()
#8 /var/www/chatelet/app/Console/cake.php(36): ShellDispatcher::run()
#9 {main}
	Error: Connection timed out
#0 /var/www/chatelet/lib/Cake/Network/Email/SmtpTransport.php(146): CakeSocket->connect()
#1 /var/www/chatelet/lib/Cake/Network/Email/SmtpTransport.php(86): SmtpTransport->_connect()
#2 /var/www/chatelet/lib/Cake/Network/Email/CakeEmail.php(1177): SmtpTransport->send()
#3 /var/www/chatelet/app/Console/Command/NewsletterShell.php(453): CakeEmail->send()
#4 /var/www/chatelet/app/Console/Command/NewsletterShell.php(247): NewsletterShell->sendEmail()
#5 /var/www/chatelet/lib/Cake/Console/Shell.php(461): NewsletterShell->main()
#6 /var/www/chatelet/lib/Cake/Console/ShellDispatcher.php(212): Shell->runCommand()
#7 /var/www/chatelet/lib/Cake/Console/ShellDispatcher.php(66): ShellDispatcher->dispatch()
#8 /var/www/chatelet/app/Console/cake.php(36): ShellDispatcher::run()
#9 {main}
	Error: Connection timed out
#0 /var/www/chatelet/lib/Cake/Network/Email/SmtpTransport.php(146): CakeSocket->connect()
#1 /var/www/chatelet/lib/Cake/Network/Email/SmtpTransport.php(86): SmtpTransport->_connect()
#2 /var/www/chatelet/lib/Cake/Network/Email/CakeEmail.php(1177): SmtpTransport->send()
#3 /var/www/chatelet/app/Console/Command/NewsletterShell.php(453): CakeEmail->send()
#4 /var/www/chatelet/app/Console/Command/NewsletterShell.php(247): NewsletterShell->sendEmail()
#5 /var/www/chatelet/lib/Cake/Console/Shell.php(461): NewsletterShell->main()
#6 /var/www/chatelet/lib/Cake/Console/ShellDispatcher.php(212): Shell->runCommand()
#7 /var/www/chatelet/lib/Cake/Console/ShellDispatcher.php(66): ShellDispatcher->dispatch()
#8 /var/www/chatelet/app/Console/cake.php(36): ShellDispatcher::run()
#9 {main}
	Error: Connection timed out
#0 /var/www/chatelet/lib/Cake/Network/Email/SmtpTransport.php(146): CakeSocket->connect()
#1 /var/www/chatelet/lib/Cake/Network/Email/SmtpTransport.php(86): SmtpTransport->_connect()
#2 /var/www/chatelet/lib/Cake/Network/Email/CakeEmail.php(1177): SmtpTransport->send()
#3 /var/www/chatelet/app/Console/Command/NewsletterShell.php(453): CakeEmail->send()
#4 /var/www/chatelet/app/Console/Command/NewsletterShell.php(247): NewsletterShell->sendEmail()
#5 /var/www/chatelet/lib/Cake/Console/Shell.php(461): NewsletterShell->main()
#6 /var/www/chatelet/lib/Cake/Console/ShellDispatcher.php(212): Shell->runCommand()
#7 /var/www/chatelet/lib/Cake/Console/ShellDispatcher.php(66): ShellDispatcher->dispatch()
#8 /var/www/chatelet/app/Console/cake.php(36): ShellDispatcher::run()
#9 {main}
	Error: Connection timed out
#0 /var/www/chatelet/lib/Cake/Network/Email/SmtpTransport.php(146): CakeSocket->connect()
#1 /var/www/chatelet/lib/Cake/Network/Email/SmtpTransport.php(86): SmtpTransport->_connect()
#2 /var/www/chatelet/lib/Cake/Network/Email/CakeEmail.php(1177): SmtpTransport->send()
#3 /var/www/chatelet/app/Console/Command/NewsletterShell.php(453): CakeEmail->send()
#4 /var/www/chatelet/app/Console/Command/NewsletterShell.php(247): NewsletterShell->sendEmail()
#5 /var/www/chatelet/lib/Cake/Console/Shell.php(461): NewsletterShell->main()
#6 /var/www/chatelet/lib/Cake/Console/ShellDispatcher.php(212): Shell->runCommand()
#7 /var/www/chatelet/lib/Cake/Console/ShellDispatcher.php(66): ShellDispatcher->dispatch()
#8 /var/www/chatelet/app/Console/cake.php(36): ShellDispatcher::run()
#9 {main}
	Error: Connection timed out
#0 /var/www/chatelet/lib/Cake/Network/Email/SmtpTransport.php(146): CakeSocket->connect()
#1 /var/www/chatelet/lib/Cake/Network/Email/SmtpTransport.php(86): SmtpTransport->_connect()
#2 /var/www/chatelet/lib/Cake/Network/Email/CakeEmail.php(1177): SmtpTransport->send()
#3 /var/www/chatelet/app/Console/Command/NewsletterShell.php(453): CakeEmail->send()
#4 /var/www/chatelet/app/Console/Command/NewsletterShell.php(247): NewsletterShell->sendEmail()
#5 /var/www/chatelet/lib/Cake/Console/Shell.php(461): NewsletterShell->main()
#6 /var/www/chatelet/lib/Cake/Console/ShellDispatcher.php(212): Shell->runCommand()
#7 /var/www/chatelet/lib/Cake/Console/ShellDispatcher.php(66): ShellDispatcher->dispatch()
#8 /var/www/chatelet/app/Console/cake.php(36): ShellDispatcher::run()
#9 {main}
	Error: Connection timed out
#0 /var/www/chatelet/lib/Cake/Network/Email/SmtpTransport.php(146): CakeSocket->connect()
#1 /var/www/chatelet/lib/Cake/Network/Email/SmtpTransport.php(86): SmtpTransport->_connect()
#2 /var/www/chatelet/lib/Cake/Network/Email/CakeEmail.php(1177): SmtpTransport->send()
#3 /var/www/chatelet/app/Console/Command/NewsletterShell.php(453): CakeEmail->send()
#4 /var/www/chatelet/app/Console/Command/NewsletterShell.php(247): NewsletterShell->sendEmail()
#5 /var/www/chatelet/lib/Cake/Console/Shell.php(461): NewsletterShell->main()
#6 /var/www/chatelet/lib/Cake/Console/ShellDispatcher.php(212): Shell->runCommand()
#7 /var/www/chatelet/lib/Cake/Console/ShellDispatcher.php(66): ShellDispatcher->dispatch()
#8 /var/www/chatelet/app/Console/cake.php(36): ShellDispatcher::run()
#9 {main}
	Error: Connection timed out
#0 /var/www/chatelet/lib/Cake/Network/Email/SmtpTransport.php(146): CakeSocket->connect()
#1 /var/www/chatelet/lib/Cake/Network/Email/SmtpTransport.php(86): SmtpTransport->_connect()
#2 /var/www/chatelet/lib/Cake/Network/Email/CakeEmail.php(1177): SmtpTransport->send()
#3 /var/www/chatelet/app/Console/Command/NewsletterShell.php(453): CakeEmail->send()
#4 /var/www/chatelet/app/Console/Command/NewsletterShell.php(247): NewsletterShell->sendEmail()
#5 /var/www/chatelet/lib/Cake/Console/Shell.php(461): NewsletterShell->main()
#6 /var/www/chatelet/lib/Cake/Console/ShellDispatcher.php(212): Shell->runCommand()
#7 /var/www/chatelet/lib/Cake/Console/ShellDispatcher.php(66): ShellDispatcher->dispatch()
#8 /var/www/chatelet/app/Console/cake.php(36): ShellDispatcher::run()
#9 {main}
	Error: Connection timed out
#0 /var/www/chatelet/lib/Cake/Network/Email/SmtpTransport.php(146): CakeSocket->connect()
#1 /var/www/chatelet/lib/Cake/Network/Email/SmtpTransport.php(86): SmtpTransport->_connect()
#2 /var/www/chatelet/lib/Cake/Network/Email/CakeEmail.php(1177): SmtpTransport->send()
#3 /var/www/chatelet/app/Console/Command/NewsletterShell.php(453): CakeEmail->send()
#4 /var/www/chatelet/app/Console/Command/NewsletterShell.php(247): NewsletterShell->sendEmail()
#5 /var/www/chatelet/lib/Cake/Console/Shell.php(461): NewsletterShell->main()
#6 /var/www/chatelet/lib/Cake/Console/ShellDispatcher.php(212): Shell->runCommand()
#7 /var/www/chatelet/lib/Cake/Console/ShellDispatcher.php(66): ShellDispatcher->dispatch()
#8 /var/www/chatelet/app/Console/cake.php(36): ShellDispatcher::run()
#9 {main}
	Error: Connection timed out
#0 /var/www/chatelet/lib/Cake/Network/Email/SmtpTransport.php(146): CakeSocket->connect()
#1 /var/www/chatelet/lib/Cake/Network/Email/SmtpTransport.php(86): SmtpTransport->_connect()
#2 /var/www/chatelet/lib/Cake/Network/Email/CakeEmail.php(1177): SmtpTransport->send()
#3 /var/www/chatelet/app/Console/Command/NewsletterShell.php(453): CakeEmail->send()
#4 /var/www/chatelet/app/Console/Command/NewsletterShell.php(247): NewsletterShell->sendEmail()
#5 /var/www/chatelet/lib/Cake/Console/Shell.php(461): NewsletterShell->main()
#6 /var/www/chatelet/lib/Cake/Console/ShellDispatcher.php(212): Shell->runCommand()
#7 /var/www/chatelet/lib/Cake/Console/ShellDispatcher.php(66): ShellDispatcher->dispatch()
#8 /var/www/chatelet/app/Console/cake.php(36): ShellDispatcher::run()
#9 {main}
	Error: Connection timed out
#0 /var/www/chatelet/lib/Cake/Network/Email/SmtpTransport.php(146): CakeSocket->connect()
#1 /var/www/chatelet/lib/Cake/Network/Email/SmtpTransport.php(86): SmtpTransport->_connect()
#2 /var/www/chatelet/lib/Cake/Network/Email/CakeEmail.php(1177): SmtpTransport->send()
#3 /var/www/chatelet/app/Console/Command/NewsletterShell.php(453): CakeEmail->send()
#4 /var/www/chatelet/app/Console/Command/NewsletterShell.php(247): NewsletterShell->sendEmail()
#5 /var/www/chatelet/lib/Cake/Console/Shell.php(461): NewsletterShell->main()
#6 /var/www/chatelet/lib/Cake/Console/ShellDispatcher.php(212): Shell->runCommand()
#7 /var/www/chatelet/lib/Cake/Console/ShellDispatcher.php(66): ShellDispatcher->dispatch()
#8 /var/www/chatelet/app/Console/cake.php(36): ShellDispatcher::run()
#9 {main}
	Error: Connection timed out
#0 /var/www/chatelet/lib/Cake/Network/Email/SmtpTransport.php(146): CakeSocket->connect()
#1 /var/www/chatelet/lib/Cake/Network/Email/SmtpTransport.php(86): SmtpTransport->_connect()
#2 /var/www/chatelet/lib/Cake/Network/Email/CakeEmail.php(1177): SmtpTransport->send()
#3 /var/www/chatelet/app/Console/Command/NewsletterShell.php(453): CakeEmail->send()
#4 /var/www/chatelet/app/Console/Command/NewsletterShell.php(247): NewsletterShell->sendEmail()
#5 /var/www/chatelet/lib/Cake/Console/Shell.php(461): NewsletterShell->main()
#6 /var/www/chatelet/lib/Cake/Console/ShellDispatcher.php(212): Shell->runCommand()
#7 /var/www/chatelet/lib/Cake/Console/ShellDispatcher.php(66): ShellDispatcher->dispatch()
#8 /var/www/chatelet/app/Console/cake.php(36): ShellDispatcher::run()
#9 {main}
	Error: Connection timed out
#0 /var/www/chatelet/lib/Cake/Network/Email/SmtpTransport.php(146): CakeSocket->connect()
#1 /var/www/chatelet/lib/Cake/Network/Email/SmtpTransport.php(86): SmtpTransport->_connect()
#2 /var/www/chatelet/lib/Cake/Network/Email/CakeEmail.php(1177): SmtpTransport->send()
#3 /var/www/chatelet/app/Console/Command/NewsletterShell.php(453): CakeEmail->send()
#4 /var/www/chatelet/app/Console/Command/NewsletterShell.php(247): NewsletterShell->sendEmail()
#5 /var/www/chatelet/lib/Cake/Console/Shell.php(461): NewsletterShell->main()
#6 /var/www/chatelet/lib/Cake/Console/ShellDispatcher.php(212): Shell->runCommand()
#7 /var/www/chatelet/lib/Cake/Console/ShellDispatcher.php(66): ShellDispatcher->dispatch()
#8 /var/www/chatelet/app/Console/cake.php(36): ShellDispatcher::run()
#9 {main}
	Error: Connection timed out
#0 /var/www/chatelet/lib/Cake/Network/Email/SmtpTransport.php(146): CakeSocket->connect()
#1 /var/www/chatelet/lib/Cake/Network/Email/SmtpTransport.php(86): SmtpTransport->_connect()
#2 /var/www/chatelet/lib/Cake/Network/Email/CakeEmail.php(1177): SmtpTransport->send()
#3 /var/www/chatelet/app/Console/Command/NewsletterShell.php(453): CakeEmail->send()
#4 /var/www/chatelet/app/Console/Command/NewsletterShell.php(247): NewsletterShell->sendEmail()
#5 /var/www/chatelet/lib/Cake/Console/Shell.php(461): NewsletterShell->main()
#6 /var/www/chatelet/lib/Cake/Console/ShellDispatcher.php(212): Shell->runCommand()
#7 /var/www/chatelet/lib/Cake/Console/ShellDispatcher.php(66): ShellDispatcher->dispatch()
#8 /var/www/chatelet/app/Console/cake.php(36): ShellDispatcher::run()
#9 {main}
	Error: Connection timed out
#0 /var/www/chatelet/lib/Cake/Network/Email/SmtpTransport.php(146): CakeSocket->connect()
#1 /var/www/chatelet/lib/Cake/Network/Email/SmtpTransport.php(86): SmtpTransport->_connect()
#2 /var/www/chatelet/lib/Cake/Network/Email/CakeEmail.php(1177): SmtpTransport->send()
#3 /var/www/chatelet/app/Console/Command/NewsletterShell.php(453): CakeEmail->send()
#4 /var/www/chatelet/app/Console/Command/NewsletterShell.php(247): NewsletterShell->sendEmail()
#5 /var/www/chatelet/lib/Cake/Console/Shell.php(461): NewsletterShell->main()
#6 /var/www/chatelet/lib/Cake/Console/ShellDispatcher.php(212): Shell->runCommand()
#7 /var/www/chatelet/lib/Cake/Console/ShellDispatcher.php(66): ShellDispatcher->dispatch()
#8 /var/www/chatelet/app/Console/cake.php(36): ShellDispatcher::run()
#9 {main}
	Error: Connection timed out
#0 /var/www/chatelet/lib/Cake/Network/Email/SmtpTransport.php(146): CakeSocket->connect()
#1 /var/www/chatelet/lib/Cake/Network/Email/SmtpTransport.php(86): SmtpTransport->_connect()
#2 /var/www/chatelet/lib/Cake/Network/Email/CakeEmail.php(1177): SmtpTransport->send()
#3 /var/www/chatelet/app/Console/Command/NewsletterShell.php(453): CakeEmail->send()
#4 /var/www/chatelet/app/Console/Command/NewsletterShell.php(247): NewsletterShell->sendEmail()
#5 /var/www/chatelet/lib/Cake/Console/Shell.php(461): NewsletterShell->main()
#6 /var/www/chatelet/lib/Cake/Console/ShellDispatcher.php(212): Shell->runCommand()
#7 /var/www/chatelet/lib/Cake/Console/ShellDispatcher.php(66): ShellDispatcher->dispatch()
#8 /var/www/chatelet/app/Console/cake.php(36): ShellDispatcher::run()
#9 {main}
	Error: Connection timed out
#0 /var/www/chatelet/lib/Cake/Network/Email/SmtpTransport.php(146): CakeSocket->connect()
#1 /var/www/chatelet/lib/Cake/Network/Email/SmtpTransport.php(86): SmtpTransport->_connect()
#2 /var/www/chatelet/lib/Cake/Network/Email/CakeEmail.php(1177): SmtpTransport->send()
#3 /var/www/chatelet/app/Console/Command/NewsletterShell.php(453): CakeEmail->send()
#4 /var/www/chatelet/app/Console/Command/NewsletterShell.php(247): NewsletterShell->sendEmail()
#5 /var/www/chatelet/lib/Cake/Console/Shell.php(461): NewsletterShell->main()
#6 /var/www/chatelet/lib/Cake/Console/ShellDispatcher.php(212): Shell->runCommand()
#7 /var/www/chatelet/lib/Cake/Console/ShellDispatcher.php(66): ShellDispatcher->dispatch()
#8 /var/www/chatelet/app/Console/cake.php(36): ShellDispatcher::run()
#9 {main}
	Error: Connection timed out
#0 /var/www/chatelet/lib/Cake/Network/Email/SmtpTransport.php(146): CakeSocket->connect()
#1 /var/www/chatelet/lib/Cake/Network/Email/SmtpTransport.php(86): SmtpTransport->_connect()
#2 /var/www/chatelet/lib/Cake/Network/Email/CakeEmail.php(1177): SmtpTransport->send()
#3 /var/www/chatelet/app/Console/Command/NewsletterShell.php(453): CakeEmail->send()
#4 /var/www/chatelet/app/Console/Command/NewsletterShell.php(247): NewsletterShell->sendEmail()
#5 /var/www/chatelet/lib/Cake/Console/Shell.php(461): NewsletterShell->main()
#6 /var/www/chatelet/lib/Cake/Console/ShellDispatcher.php(212): Shell->runCommand()
#7 /var/www/chatelet/lib/Cake/Console/ShellDispatcher.php(66): ShellDispatcher->dispatch()
#8 /var/www/chatelet/app/Console/cake.php(36): ShellDispatcher::run()
#9 {main}
	Error: Connection timed out
#0 /var/www/chatelet/lib/Cake/Network/Email/SmtpTransport.php(146): CakeSocket->connect()
#1 /var/www/chatelet/lib/Cake/Network/Email/SmtpTransport.php(86): SmtpTransport->_connect()
#2 /var/www/chatelet/lib/Cake/Network/Email/CakeEmail.php(1177): SmtpTransport->send()
#3 /var/www/chatelet/app/Console/Command/NewsletterShell.php(453): CakeEmail->send()
#4 /var/www/chatelet/app/Console/Command/NewsletterShell.php(247): NewsletterShell->sendEmail()
#5 /var/www/chatelet/lib/Cake/Console/Shell.php(461): NewsletterShell->main()
#6 /var/www/chatelet/lib/Cake/Console/ShellDispatcher.php(212): Shell->runCommand()
#7 /var/www/chatelet/lib/Cake/Console/ShellDispatcher.php(66): ShellDispatcher->dispatch()
#8 /var/www/chatelet/app/Console/cake.php(36): ShellDispatcher::run()
#9 {main}
	Error: Connection timed out
#0 /var/www/chatelet/lib/Cake/Network/Email/SmtpTransport.php(146): CakeSocket->connect()
#1 /var/www/chatelet/lib/Cake/Network/Email/SmtpTransport.php(86): SmtpTransport->_connect()
#2 /var/www/chatelet/lib/Cake/Network/Email/CakeEmail.php(1177): SmtpTransport->send()
#3 /var/www/chatelet/app/Console/Command/NewsletterShell.php(453): CakeEmail->send()
#4 /var/www/chatelet/app/Console/Command/NewsletterShell.php(247): NewsletterShell->sendEmail()
#5 /var/www/chatelet/lib/Cake/Console/Shell.php(461): NewsletterShell->main()
#6 /var/www/chatelet/lib/Cake/Console/ShellDispatcher.php(212): Shell->runCommand()
#7 /var/www/chatelet/lib/Cake/Console/ShellDispatcher.php(66): ShellDispatcher->dispatch()
#8 /var/www/chatelet/app/Console/cake.php(36): ShellDispatcher::run()
#9 {main}
	Error: Connection timed out
#0 /var/www/chatelet/lib/Cake/Network/Email/SmtpTransport.php(146): CakeSocket->connect()
#1 /var/www/chatelet/lib/Cake/Network/Email/SmtpTransport.php(86): SmtpTransport->_connect()
#2 /var/www/chatelet/lib/Cake/Network/Email/CakeEmail.php(1177): SmtpTransport->send()
#3 /var/www/chatelet/app/Console/Command/NewsletterShell.php(453): CakeEmail->send()
#4 /var/www/chatelet/app/Console/Command/NewsletterShell.php(247): NewsletterShell->sendEmail()
#5 /var/www/chatelet/lib/Cake/Console/Shell.php(461): NewsletterShell->main()
#6 /var/www/chatelet/lib/Cake/Console/ShellDispatcher.php(212): Shell->runCommand()
#7 /var/www/chatelet/lib/Cake/Console/ShellDispatcher.php(66): ShellDispatcher->dispatch()
#8 /var/www/chatelet/app/Console/cake.php(36): ShellDispatcher::run()
#9 {main}
	Error: Connection timed out
#0 /var/www/chatelet/lib/Cake/Network/Email/SmtpTransport.php(146): CakeSocket->connect()
#1 /var/www/chatelet/lib/Cake/Network/Email/SmtpTransport.php(86): SmtpTransport->_connect()
#2 /var/www/chatelet/lib/Cake/Network/Email/CakeEmail.php(1177): SmtpTransport->send()
#3 /var/www/chatelet/app/Console/Command/NewsletterShell.php(453): CakeEmail->send()
#4 /var/www/chatelet/app/Console/Command/NewsletterShell.php(247): NewsletterShell->sendEmail()
#5 /var/www/chatelet/lib/Cake/Console/Shell.php(461): NewsletterShell->main()
#6 /var/www/chatelet/lib/Cake/Console/ShellDispatcher.php(212): Shell->runCommand()
#7 /var/www/chatelet/lib/Cake/Console/ShellDispatcher.php(66): ShellDispatcher->dispatch()
#8 /var/www/chatelet/app/Console/cake.php(36): ShellDispatcher::run()
#9 {main}
	Error: Connection timed out
#0 /var/www/chatelet/lib/Cake/Network/Email/SmtpTransport.php(146): CakeSocket->connect()
#1 /var/www/chatelet/lib/Cake/Network/Email/SmtpTransport.php(86): SmtpTransport->_connect()
#2 /var/www/chatelet/lib/Cake/Network/Email/CakeEmail.php(1177): SmtpTransport->send()
#3 /var/www/chatelet/app/Console/Command/NewsletterShell.php(453): CakeEmail->send()
#4 /var/www/chatelet/app/Console/Command/NewsletterShell.php(247): NewsletterShell->sendEmail()
#5 /var/www/chatelet/lib/Cake/Console/Shell.php(461): NewsletterShell->main()
#6 /var/www/chatelet/lib/Cake/Console/ShellDispatcher.php(212): Shell->runCommand()
#7 /var/www/chatelet/lib/Cake/Console/ShellDispatcher.php(66): ShellDispatcher->dispatch()
#8 /var/www/chatelet/app/Console/cake.php(36): ShellDispatcher::run()
#9 {main}
	Error: Connection timed out
#0 /var/www/chatelet/lib/Cake/Network/Email/SmtpTransport.php(146): CakeSocket->connect()
#1 /var/www/chatelet/lib/Cake/Network/Email/SmtpTransport.php(86): SmtpTransport->_connect()
#2 /var/www/chatelet/lib/Cake/Network/Email/CakeEmail.php(1177): SmtpTransport->send()
#3 /var/www/chatelet/app/Console/Command/NewsletterShell.php(453): CakeEmail->send()
#4 /var/www/chatelet/app/Console/Command/NewsletterShell.php(247): NewsletterShell->sendEmail()
#5 /var/www/chatelet/lib/Cake/Console/Shell.php(461): NewsletterShell->main()
#6 /var/www/chatelet/lib/Cake/Console/ShellDispatcher.php(212): Shell->runCommand()
#7 /var/www/chatelet/lib/Cake/Console/ShellDispatcher.php(66): ShellDispatcher->dispatch()
#8 /var/www/chatelet/app/Console/cake.php(36): ShellDispatcher::run()
#9 {main}
	Error: Connection timed out
#0 /var/www/chatelet/lib/Cake/Network/Email/SmtpTransport.php(146): CakeSocket->connect()
#1 /var/www/chatelet/lib/Cake/Network/Email/SmtpTransport.php(86): SmtpTransport->_connect()
#2 /var/www/chatelet/lib/Cake/Network/Email/CakeEmail.php(1177): SmtpTransport->send()
#3 /var/www/chatelet/app/Console/Command/NewsletterShell.php(453): CakeEmail->send()
#4 /var/www/chatelet/app/Console/Command/NewsletterShell.php(247): NewsletterShell->sendEmail()
#5 /var/www/chatelet/lib/Cake/Console/Shell.php(461): NewsletterShell->main()
#6 /var/www/chatelet/lib/Cake/Console/ShellDispatcher.php(212): Shell->runCommand()
#7 /var/www/chatelet/lib/Cake/Console/ShellDispatcher.php(66): ShellDispatcher->dispatch()
#8 /var/www/chatelet/app/Console/cake.php(36): ShellDispatcher::run()
#9 {main}
	Error: Connection timed out
#0 /var/www/chatelet/lib/Cake/Network/Email/SmtpTransport.php(146): CakeSocket->connect()
#1 /var/www/chatelet/lib/Cake/Network/Email/SmtpTransport.php(86): SmtpTransport->_connect()
#2 /var/www/chatelet/lib/Cake/Network/Email/CakeEmail.php(1177): SmtpTransport->send()
#3 /var/www/chatelet/app/Console/Command/NewsletterShell.php(453): CakeEmail->send()
#4 /var/www/chatelet/app/Console/Command/NewsletterShell.php(247): NewsletterShell->sendEmail()
#5 /var/www/chatelet/lib/Cake/Console/Shell.php(461): NewsletterShell->main()
#6 /var/www/chatelet/lib/Cake/Console/ShellDispatcher.php(212): Shell->runCommand()
#7 /var/www/chatelet/lib/Cake/Console/ShellDispatcher.php(66): ShellDispatcher->dispatch()
#8 /var/www/chatelet/app/Console/cake.php(36): ShellDispatcher::run()
#9 {main}
	Error: Connection timed out
#0 /var/www/chatelet/lib/Cake/Network/Email/SmtpTransport.php(146): CakeSocket->connect()
#1 /var/www/chatelet/lib/Cake/Network/Email/SmtpTransport.php(86): SmtpTransport->_connect()
#2 /var/www/chatelet/lib/Cake/Network/Email/CakeEmail.php(1177): SmtpTransport->send()
#3 /var/www/chatelet/app/Console/Command/NewsletterShell.php(453): CakeEmail->send()
#4 /var/www/chatelet/app/Console/Command/NewsletterShell.php(247): NewsletterShell->sendEmail()
#5 /var/www/chatelet/lib/Cake/Console/Shell.php(461): NewsletterShell->main()
#6 /var/www/chatelet/lib/Cake/Console/ShellDispatcher.php(212): Shell->runCommand()
#7 /var/www/chatelet/lib/Cake/Console/ShellDispatcher.php(66): ShellDispatcher->dispatch()
#8 /var/www/chatelet/app/Console/cake.php(36): ShellDispatcher::run()
#9 {main}
	Error: Connection timed out
#0 /var/www/chatelet/lib/Cake/Network/Email/SmtpTransport.php(146): CakeSocket->connect()
#1 /var/www/chatelet/lib/Cake/Network/Email/SmtpTransport.php(86): SmtpTransport->_connect()
#2 /var/www/chatelet/lib/Cake/Network/Email/CakeEmail.php(1177): SmtpTransport->send()
#3 /var/www/chatelet/app/Console/Command/NewsletterShell.php(453): CakeEmail->send()
#4 /var/www/chatelet/app/Console/Command/NewsletterShell.php(247): NewsletterShell->sendEmail()
#5 /var/www/chatelet/lib/Cake/Console/Shell.php(461): NewsletterShell->main()
#6 /var/www/chatelet/lib/Cake/Console/ShellDispatcher.php(212): Shell->runCommand()
#7 /var/www/chatelet/lib/Cake/Console/ShellDispatcher.php(66): ShellDispatcher->dispatch()
#8 /var/www/chatelet/app/Console/cake.php(36): ShellDispatcher::run()
#9 {main}
	Error: Connection timed out
#0 /var/www/chatelet/lib/Cake/Network/Email/SmtpTransport.php(146): CakeSocket->connect()
#1 /var/www/chatelet/lib/Cake/Network/Email/SmtpTransport.php(86): SmtpTransport->_connect()
#2 /var/www/chatelet/lib/Cake/Network/Email/CakeEmail.php(1177): SmtpTransport->send()
#3 /var/www/chatelet/app/Console/Command/NewsletterShell.php(453): CakeEmail->send()
#4 /var/www/chatelet/app/Console/Command/NewsletterShell.php(247): NewsletterShell->sendEmail()
#5 /var/www/chatelet/lib/Cake/Console/Shell.php(461): NewsletterShell->main()
#6 /var/www/chatelet/lib/Cake/Console/ShellDispatcher.php(212): Shell->runCommand()
#7 /var/www/chatelet/lib/Cake/Console/ShellDispatcher.php(66): ShellDispatcher->dispatch()
#8 /var/www/chatelet/app/Console/cake.php(36): ShellDispatcher::run()
#9 {main}
	Error: Connection timed out
#0 /var/www/chatelet/lib/Cake/Network/Email/SmtpTransport.php(146): CakeSocket->connect()
#1 /var/www/chatelet/lib/Cake/Network/Email/SmtpTransport.php(86): SmtpTransport->_connect()
#2 /var/www/chatelet/lib/Cake/Network/Email/CakeEmail.php(1177): SmtpTransport->send()
#3 /var/www/chatelet/app/Console/Command/NewsletterShell.php(453): CakeEmail->send()
#4 /var/www/chatelet/app/Console/Command/NewsletterShell.php(247): NewsletterShell->sendEmail()
#5 /var/www/chatelet/lib/Cake/Console/Shell.php(461): NewsletterShell->main()
#6 /var/www/chatelet/lib/Cake/Console/ShellDispatcher.php(212): Shell->runCommand()
#7 /var/www/chatelet/lib/Cake/Console/ShellDispatcher.php(66): ShellDispatcher->dispatch()
#8 /var/www/chatelet/app/Console/cake.php(36): ShellDispatcher::run()
#9 {main}
	Error: Connection timed out
#0 /var/www/chatelet/lib/Cake/Network/Email/SmtpTransport.php(146): CakeSocket->connect()
#1 /var/www/chatelet/lib/Cake/Network/Email/SmtpTransport.php(86): SmtpTransport->_connect()
#2 /var/www/chatelet/lib/Cake/Network/Email/CakeEmail.php(1177): SmtpTransport->send()
#3 /var/www/chatelet/app/Console/Command/NewsletterShell.php(453): CakeEmail->send()
#4 /var/www/chatelet/app/Console/Command/NewsletterShell.php(247): NewsletterShell->sendEmail()
#5 /var/www/chatelet/lib/Cake/Console/Shell.php(461): NewsletterShell->main()
#6 /var/www/chatelet/lib/Cake/Console/ShellDispatcher.php(212): Shell->runCommand()
#7 /var/www/chatelet/lib/Cake/Console/ShellDispatcher.php(66): ShellDispatcher->dispatch()
#8 /var/www/chatelet/app/Console/cake.php(36): ShellDispatcher::run()
#9 {main}
	Error: Connection timed out
#0 /var/www/chatelet/lib/Cake/Network/Email/SmtpTransport.php(146): CakeSocket->connect()
#1 /var/www/chatelet/lib/Cake/Network/Email/SmtpTransport.php(86): SmtpTransport->_connect()
#2 /var/www/chatelet/lib/Cake/Network/Email/CakeEmail.php(1177): SmtpTransport->send()
#3 /var/www/chatelet/app/Console/Command/NewsletterShell.php(453): CakeEmail->send()
#4 /var/www/chatelet/app/Console/Command/NewsletterShell.php(247): NewsletterShell->sendEmail()
#5 /var/www/chatelet/lib/Cake/Console/Shell.php(461): NewsletterShell->main()
#6 /var/www/chatelet/lib/Cake/Console/ShellDispatcher.php(212): Shell->runCommand()
#7 /var/www/chatelet/lib/Cake/Console/ShellDispatcher.php(66): ShellDispatcher->dispatch()
#8 /var/www/chatelet/app/Console/cake.php(36): ShellDispatcher::run()
#9 {main}
	Error: Connection timed out
#0 /var/www/chatelet/lib/Cake/Network/Email/SmtpTransport.php(146): CakeSocket->connect()
#1 /var/www/chatelet/lib/Cake/Network/Email/SmtpTransport.php(86): SmtpTransport->_connect()
#2 /var/www/chatelet/lib/Cake/Network/Email/CakeEmail.php(1177): SmtpTransport->send()
#3 /var/www/chatelet/app/Console/Command/NewsletterShell.php(453): CakeEmail->send()
#4 /var/www/chatelet/app/Console/Command/NewsletterShell.php(247): NewsletterShell->sendEmail()
#5 /var/www/chatelet/lib/Cake/Console/Shell.php(461): NewsletterShell->main()
#6 /var/www/chatelet/lib/Cake/Console/ShellDispatcher.php(212): Shell->runCommand()
#7 /var/www/chatelet/lib/Cake/Console/ShellDispatcher.php(66): ShellDispatcher->dispatch()
#8 /var/www/chatelet/app/Console/cake.php(36): ShellDispatcher::run()
#9 {main}
	Error: Connection timed out
#0 /var/www/chatelet/lib/Cake/Network/Email/SmtpTransport.php(146): CakeSocket->connect()
#1 /var/www/chatelet/lib/Cake/Network/Email/SmtpTransport.php(86): SmtpTransport->_connect()
#2 /var/www/chatelet/lib/Cake/Network/Email/CakeEmail.php(1177): SmtpTransport->send()
#3 /var/www/chatelet/app/Console/Command/NewsletterShell.php(453): CakeEmail->send()
#4 /var/www/chatelet/app/Console/Command/NewsletterShell.php(247): NewsletterShell->sendEmail()
#5 /var/www/chatelet/lib/Cake/Console/Shell.php(461): NewsletterShell->main()
#6 /var/www/chatelet/lib/Cake/Console/ShellDispatcher.php(212): Shell->runCommand()
#7 /var/www/chatelet/lib/Cake/Console/ShellDispatcher.php(66): ShellDispatcher->dispatch()
#8 /var/www/chatelet/app/Console/cake.php(36): ShellDispatcher::run()
#9 {main}
	Error: Connection timed out
#0 /var/www/chatelet/lib/Cake/Network/Email/SmtpTransport.php(146): CakeSocket->connect()
#1 /var/www/chatelet/lib/Cake/Network/Email/SmtpTransport.php(86): SmtpTransport->_connect()
#2 /var/www/chatelet/lib/Cake/Network/Email/CakeEmail.php(1177): SmtpTransport->send()
#3 /var/www/chatelet/app/Console/Command/NewsletterShell.php(453): CakeEmail->send()
#4 /var/www/chatelet/app/Console/Command/NewsletterShell.php(247): NewsletterShell->sendEmail()
#5 /var/www/chatelet/lib/Cake/Console/Shell.php(461): NewsletterShell->main()
#6 /var/www/chatelet/lib/Cake/Console/ShellDispatcher.php(212): Shell->runCommand()
#7 /var/www/chatelet/lib/Cake/Console/ShellDispatcher.php(66): ShellDispatcher->dispatch()
#8 /var/www/chatelet/app/Console/cake.php(36): ShellDispatcher::run()
#9 {main}
	Error: Connection timed out
#0 /var/www/chatelet/lib/Cake/Network/Email/SmtpTransport.php(146): CakeSocket->connect()
#1 /var/www/chatelet/lib/Cake/Network/Email/SmtpTransport.php(86): SmtpTransport->_connect()
#2 /var/www/chatelet/lib/Cake/Network/Email/CakeEmail.php(1177): SmtpTransport->send()
#3 /var/www/chatelet/app/Console/Command/NewsletterShell.php(453): CakeEmail->send()
#4 /var/www/chatelet/app/Console/Command/NewsletterShell.php(247): NewsletterShell->sendEmail()
#5 /var/www/chatelet/lib/Cake/Console/Shell.php(461): NewsletterShell->main()
#6 /var/www/chatelet/lib/Cake/Console/ShellDispatcher.php(212): Shell->runCommand()
#7 /var/www/chatelet/lib/Cake/Console/ShellDispatcher.php(66): ShellDispatcher->dispatch()
#8 /var/www/chatelet/app/Console/cake.php(36): ShellDispatcher::run()
#9 {main}
	Error: Connection timed out
#0 /var/www/chatelet/lib/Cake/Network/Email/SmtpTransport.php(146): CakeSocket->connect()
#1 /var/www/chatelet/lib/Cake/Network/Email/SmtpTransport.php(86): SmtpTransport->_connect()
#2 /var/www/chatelet/lib/Cake/Network/Email/CakeEmail.php(1177): SmtpTransport->send()
#3 /var/www/chatelet/app/Console/Command/NewsletterShell.php(453): CakeEmail->send()
#4 /var/www/chatelet/app/Console/Command/NewsletterShell.php(247): NewsletterShell->sendEmail()
#5 /var/www/chatelet/lib/Cake/Console/Shell.php(461): NewsletterShell->main()
#6 /var/www/chatelet/lib/Cake/Console/ShellDispatcher.php(212): Shell->runCommand()
#7 /var/www/chatelet/lib/Cake/Console/ShellDispatcher.php(66): ShellDispatcher->dispatch()
#8 /var/www/chatelet/app/Console/cake.php(36): ShellDispatcher::run()
#9 {main}
	Error: Connection timed out
#0 /var/www/chatelet/lib/Cake/Network/Email/SmtpTransport.php(146): CakeSocket->connect()
#1 /var/www/chatelet/lib/Cake/Network/Email/SmtpTransport.php(86): SmtpTransport->_connect()
#2 /var/www/chatelet/lib/Cake/Network/Email/CakeEmail.php(1177): SmtpTransport->send()
#3 /var/www/chatelet/app/Console/Command/NewsletterShell.php(453): CakeEmail->send()
#4 /var/www/chatelet/app/Console/Command/NewsletterShell.php(247): NewsletterShell->sendEmail()
#5 /var/www/chatelet/lib/Cake/Console/Shell.php(461): NewsletterShell->main()
#6 /var/www/chatelet/lib/Cake/Console/ShellDispatcher.php(212): Shell->runCommand()
#7 /var/www/chatelet/lib/Cake/Console/ShellDispatcher.php(66): ShellDispatcher->dispatch()
#8 /var/www/chatelet/app/Console/cake.php(36): ShellDispatcher::run()
#9 {main}
	Error: Connection timed out
#0 /var/www/chatelet/lib/Cake/Network/Email/SmtpTransport.php(146): CakeSocket->connect()
#1 /var/www/chatelet/lib/Cake/Network/Email/SmtpTransport.php(86): SmtpTransport->_connect()
#2 /var/www/chatelet/lib/Cake/Network/Email/CakeEmail.php(1177): SmtpTransport->send()
#3 /var/www/chatelet/app/Console/Command/NewsletterShell.php(453): CakeEmail->send()
#4 /var/www/chatelet/app/Console/Command/NewsletterShell.php(247): NewsletterShell->sendEmail()
#5 /var/www/chatelet/lib/Cake/Console/Shell.php(461): NewsletterShell->main()
#6 /var/www/chatelet/lib/Cake/Console/ShellDispatcher.php(212): Shell->runCommand()
#7 /var/www/chatelet/lib/Cake/Console/ShellDispatcher.php(66): ShellDispatcher->dispatch()
#8 /var/www/chatelet/app/Console/cake.php(36): ShellDispatcher::run()
#9 {main}
	Error: Connection timed out
#0 /var/www/chatelet/lib/Cake/Network/Email/SmtpTransport.php(146): CakeSocket->connect()
#1 /var/www/chatelet/lib/Cake/Network/Email/SmtpTransport.php(86): SmtpTransport->_connect()
#2 /var/www/chatelet/lib/Cake/Network/Email/CakeEmail.php(1177): SmtpTransport->send()
#3 /var/www/chatelet/app/Console/Command/NewsletterShell.php(453): CakeEmail->send()
#4 /var/www/chatelet/app/Console/Command/NewsletterShell.php(247): NewsletterShell->sendEmail()
#5 /var/www/chatelet/lib/Cake/Console/Shell.php(461): NewsletterShell->main()
#6 /var/www/chatelet/lib/Cake/Console/ShellDispatcher.php(212): Shell->runCommand()
#7 /var/www/chatelet/lib/Cake/Console/ShellDispatcher.php(66): ShellDispatcher->dispatch()
#8 /var/www/chatelet/app/Console/cake.php(36): ShellDispatcher::run()
#9 {main}
	Error: Connection timed out
#0 /var/www/chatelet/lib/Cake/Network/Email/SmtpTransport.php(146): CakeSocket->connect()
#1 /var/www/chatelet/lib/Cake/Network/Email/SmtpTransport.php(86): SmtpTransport->_connect()
#2 /var/www/chatelet/lib/Cake/Network/Email/CakeEmail.php(1177): SmtpTransport->send()
#3 /var/www/chatelet/app/Console/Command/NewsletterShell.php(453): CakeEmail->send()
#4 /var/www/chatelet/app/Console/Command/NewsletterShell.php(247): NewsletterShell->sendEmail()
#5 /var/www/chatelet/lib/Cake/Console/Shell.php(461): NewsletterShell->main()
#6 /var/www/chatelet/lib/Cake/Console/ShellDispatcher.php(212): Shell->runCommand()
#7 /var/www/chatelet/lib/Cake/Console/ShellDispatcher.php(66): ShellDispatcher->dispatch()
#8 /var/www/chatelet/app/Console/cake.php(36): ShellDispatcher::run()
#9 {main}
	Error: Connection timed out
#0 /var/www/chatelet/lib/Cake/Network/Email/SmtpTransport.php(146): CakeSocket->connect()
#1 /var/www/chatelet/lib/Cake/Network/Email/SmtpTransport.php(86): SmtpTransport->_connect()
#2 /var/www/chatelet/lib/Cake/Network/Email/CakeEmail.php(1177): SmtpTransport->send()
#3 /var/www/chatelet/app/Console/Command/NewsletterShell.php(453): CakeEmail->send()
#4 /var/www/chatelet/app/Console/Command/NewsletterShell.php(247): NewsletterShell->sendEmail()
#5 /var/www/chatelet/lib/Cake/Console/Shell.php(461): NewsletterShell->main()
#6 /var/www/chatelet/lib/Cake/Console/ShellDispatcher.php(212): Shell->runCommand()
#7 /var/www/chatelet/lib/Cake/Console/ShellDispatcher.php(66): ShellDispatcher->dispatch()
#8 /var/www/chatelet/app/Console/cake.php(36): ShellDispatcher::run()
#9 {main}
	Error: Connection timed out
#0 /var/www/chatelet/lib/Cake/Network/Email/SmtpTransport.php(146): CakeSocket->connect()
#1 /var/www/chatelet/lib/Cake/Network/Email/SmtpTransport.php(86): SmtpTransport->_connect()
#2 /var/www/chatelet/lib/Cake/Network/Email/CakeEmail.php(1177): SmtpTransport->send()
#3 /var/www/chatelet/app/Console/Command/NewsletterShell.php(453): CakeEmail->send()
#4 /var/www/chatelet/app/Console/Command/NewsletterShell.php(247): NewsletterShell->sendEmail()
#5 /var/www/chatelet/lib/Cake/Console/Shell.php(461): NewsletterShell->main()
#6 /var/www/chatelet/lib/Cake/Console/ShellDispatcher.php(212): Shell->runCommand()
#7 /var/www/chatelet/lib/Cake/Console/ShellDispatcher.php(66): ShellDispatcher->dispatch()
#8 /var/www/chatelet/app/Console/cake.php(36): ShellDispatcher::run()
#9 {main}
	Error: Connection timed out
#0 /var/www/chatelet/lib/Cake/Network/Email/SmtpTransport.php(146): CakeSocket->connect()
#1 /var/www/chatelet/lib/Cake/Network/Email/SmtpTransport.php(86): SmtpTransport->_connect()
#2 /var/www/chatelet/lib/Cake/Network/Email/CakeEmail.php(1177): SmtpTransport->send()
#3 /var/www/chatelet/app/Console/Command/NewsletterShell.php(453): CakeEmail->send()
#4 /var/www/chatelet/app/Console/Command/NewsletterShell.php(247): NewsletterShell->sendEmail()
#5 /var/www/chatelet/lib/Cake/Console/Shell.php(461): NewsletterShell->main()
#6 /var/www/chatelet/lib/Cake/Console/ShellDispatcher.php(212): Shell->runCommand()
#7 /var/www/chatelet/lib/Cake/Console/ShellDispatcher.php(66): ShellDispatcher->dispatch()
#8 /var/www/chatelet/app/Console/cake.php(36): ShellDispatcher::run()
#9 {main}
	Error: Connection timed out
#0 /var/www/chatelet/lib/Cake/Network/Email/SmtpTransport.php(146): CakeSocket->connect()
#1 /var/www/chatelet/lib/Cake/Network/Email/SmtpTransport.php(86): SmtpTransport->_connect()
#2 /var/www/chatelet/lib/Cake/Network/Email/CakeEmail.php(1177): SmtpTransport->send()
#3 /var/www/chatelet/app/Console/Command/NewsletterShell.php(453): CakeEmail->send()
#4 /var/www/chatelet/app/Console/Command/NewsletterShell.php(247): NewsletterShell->sendEmail()
#5 /var/www/chatelet/lib/Cake/Console/Shell.php(461): NewsletterShell->main()
#6 /var/www/chatelet/lib/Cake/Console/ShellDispatcher.php(212): Shell->runCommand()
#7 /var/www/chatelet/lib/Cake/Console/ShellDispatcher.php(66): ShellDispatcher->dispatch()
#8 /var/www/chatelet/app/Console/cake.php(36): ShellDispatcher::run()
#9 {main}
	Error: Connection timed out
#0 /var/www/chatelet/lib/Cake/Network/Email/SmtpTransport.php(146): CakeSocket->connect()
#1 /var/www/chatelet/lib/Cake/Network/Email/SmtpTransport.php(86): SmtpTransport->_connect()
#2 /var/www/chatelet/lib/Cake/Network/Email/CakeEmail.php(1177): SmtpTransport->send()
#3 /var/www/chatelet/app/Console/Command/NewsletterShell.php(453): CakeEmail->send()
#4 /var/www/chatelet/app/Console/Command/NewsletterShell.php(247): NewsletterShell->sendEmail()
#5 /var/www/chatelet/lib/Cake/Console/Shell.php(461): NewsletterShell->main()
#6 /var/www/chatelet/lib/Cake/Console/ShellDispatcher.php(212): Shell->runCommand()
#7 /var/www/chatelet/lib/Cake/Console/ShellDispatcher.php(66): ShellDispatcher->dispatch()
#8 /var/www/chatelet/app/Console/cake.php(36): ShellDispatcher::run()
#9 {main}
	Error: Connection timed out
#0 /var/www/chatelet/lib/Cake/Network/Email/SmtpTransport.php(146): CakeSocket->connect()
#1 /var/www/chatelet/lib/Cake/Network/Email/SmtpTransport.php(86): SmtpTransport->_connect()
#2 /var/www/chatelet/lib/Cake/Network/Email/CakeEmail.php(1177): SmtpTransport->send()
#3 /var/www/chatelet/app/Console/Command/NewsletterShell.php(453): CakeEmail->send()
#4 /var/www/chatelet/app/Console/Command/NewsletterShell.php(247): NewsletterShell->sendEmail()
#5 /var/www/chatelet/lib/Cake/Console/Shell.php(461): NewsletterShell->main()
#6 /var/www/chatelet/lib/Cake/Console/ShellDispatcher.php(212): Shell->runCommand()
#7 /var/www/chatelet/lib/Cake/Console/ShellDispatcher.php(66): ShellDispatcher->dispatch()
#8 /var/www/chatelet/app/Console/cake.php(36): ShellDispatcher::run()
#9 {main}
	Error: Connection timed out
#0 /var/www/chatelet/lib/Cake/Network/Email/SmtpTransport.php(146): CakeSocket->connect()
#1 /var/www/chatelet/lib/Cake/Network/Email/SmtpTransport.php(86): SmtpTransport->_connect()
#2 /var/www/chatelet/lib/Cake/Network/Email/CakeEmail.php(1177): SmtpTransport->send()
#3 /var/www/chatelet/app/Console/Command/NewsletterShell.php(453): CakeEmail->send()
#4 /var/www/chatelet/app/Console/Command/NewsletterShell.php(247): NewsletterShell->sendEmail()
#5 /var/www/chatelet/lib/Cake/Console/Shell.php(461): NewsletterShell->main()
#6 /var/www/chatelet/lib/Cake/Console/ShellDispatcher.php(212): Shell->runCommand()
#7 /var/www/chatelet/lib/Cake/Console/ShellDispatcher.php(66): ShellDispatcher->dispatch()
#8 /var/www/chatelet/app/Console/cake.php(36): ShellDispatcher::run()
#9 {main}
	Error: Connection timed out
#0 /var/www/chatelet/lib/Cake/Network/Email/SmtpTransport.php(146): CakeSocket->connect()
#1 /var/www/chatelet/lib/Cake/Network/Email/SmtpTransport.php(86): SmtpTransport->_connect()
#2 /var/www/chatelet/lib/Cake/Network/Email/CakeEmail.php(1177): SmtpTransport->send()
#3 /var/www/chatelet/app/Console/Command/NewsletterShell.php(453): CakeEmail->send()
#4 /var/www/chatelet/app/Console/Command/NewsletterShell.php(247): NewsletterShell->sendEmail()
#5 /var/www/chatelet/lib/Cake/Console/Shell.php(461): NewsletterShell->main()
#6 /var/www/chatelet/lib/Cake/Console/ShellDispatcher.php(212): Shell->runCommand()
#7 /var/www/chatelet/lib/Cake/Console/ShellDispatcher.php(66): ShellDispatcher->dispatch()
#8 /var/www/chatelet/app/Console/cake.php(36): ShellDispatcher::run()
#9 {main}
	Error: Connection timed out
#0 /var/www/chatelet/lib/Cake/Network/Email/SmtpTransport.php(146): CakeSocket->connect()
#1 /var/www/chatelet/lib/Cake/Network/Email/SmtpTransport.php(86): SmtpTransport->_connect()
#2 /var/www/chatelet/lib/Cake/Network/Email/CakeEmail.php(1177): SmtpTransport->send()
#3 /var/www/chatelet/app/Console/Command/NewsletterShell.php(453): CakeEmail->send()
#4 /var/www/chatelet/app/Console/Command/NewsletterShell.php(247): NewsletterShell->sendEmail()
#5 /var/www/chatelet/lib/Cake/Console/Shell.php(461): NewsletterShell->main()
#6 /var/www/chatelet/lib/Cake/Console/ShellDispatcher.php(212): Shell->runCommand()
#7 /var/www/chatelet/lib/Cake/Console/ShellDispatcher.php(66): ShellDispatcher->dispatch()
#8 /var/www/chatelet/app/Console/cake.php(36): ShellDispatcher::run()
#9 {main}
	Error: Connection timed out
#0 /var/www/chatelet/lib/Cake/Network/Email/SmtpTransport.php(146): CakeSocket->connect()
#1 /var/www/chatelet/lib/Cake/Network/Email/SmtpTransport.php(86): SmtpTransport->_connect()
#2 /var/www/chatelet/lib/Cake/Network/Email/CakeEmail.php(1177): SmtpTransport->send()
#3 /var/www/chatelet/app/Console/Command/NewsletterShell.php(453): CakeEmail->send()
#4 /var/www/chatelet/app/Console/Command/NewsletterShell.php(247): NewsletterShell->sendEmail()
#5 /var/www/chatelet/lib/Cake/Console/Shell.php(461): NewsletterShell->main()
#6 /var/www/chatelet/lib/Cake/Console/ShellDispatcher.php(212): Shell->runCommand()
#7 /var/www/chatelet/lib/Cake/Console/ShellDispatcher.php(66): ShellDispatcher->dispatch()
#8 /var/www/chatelet/app/Console/cake.php(36): ShellDispatcher::run()
#9 {main}
	Error: Connection timed out
#0 /var/www/chatelet/lib/Cake/Network/Email/SmtpTransport.php(146): CakeSocket->connect()
#1 /var/www/chatelet/lib/Cake/Network/Email/SmtpTransport.php(86): SmtpTransport->_connect()
#2 /var/www/chatelet/lib/Cake/Network/Email/CakeEmail.php(1177): SmtpTransport->send()
#3 /var/www/chatelet/app/Console/Command/NewsletterShell.php(453): CakeEmail->send()
#4 /var/www/chatelet/app/Console/Command/NewsletterShell.php(247): NewsletterShell->sendEmail()
#5 /var/www/chatelet/lib/Cake/Console/Shell.php(461): NewsletterShell->main()
#6 /var/www/chatelet/lib/Cake/Console/ShellDispatcher.php(212): Shell->runCommand()
#7 /var/www/chatelet/lib/Cake/Console/ShellDispatcher.php(66): ShellDispatcher->dispatch()
#8 /var/www/chatelet/app/Console/cake.php(36): ShellDispatcher::run()
#9 {main}
	Error: Connection timed out
#0 /var/www/chatelet/lib/Cake/Network/Email/SmtpTransport.php(146): CakeSocket->connect()
#1 /var/www/chatelet/lib/Cake/Network/Email/SmtpTransport.php(86): SmtpTransport->_connect()
#2 /var/www/chatelet/lib/Cake/Network/Email/CakeEmail.php(1177): SmtpTransport->send()
#3 /var/www/chatelet/app/Console/Command/NewsletterShell.php(453): CakeEmail->send()
#4 /var/www/chatelet/app/Console/Command/NewsletterShell.php(247): NewsletterShell->sendEmail()
#5 /var/www/chatelet/lib/Cake/Console/Shell.php(461): NewsletterShell->main()
#6 /var/www/chatelet/lib/Cake/Console/ShellDispatcher.php(212): Shell->runCommand()
#7 /var/www/chatelet/lib/Cake/Console/ShellDispatcher.php(66): ShellDispatcher->dispatch()
#8 /var/www/chatelet/app/Console/cake.php(36): ShellDispatcher::run()
#9 {main}
	Error: Connection timed out
#0 /var/www/chatelet/lib/Cake/Network/Email/SmtpTransport.php(146): CakeSocket->connect()
#1 /var/www/chatelet/lib/Cake/Network/Email/SmtpTransport.php(86): SmtpTransport->_connect()
#2 /var/www/chatelet/lib/Cake/Network/Email/CakeEmail.php(1177): SmtpTransport->send()
#3 /var/www/chatelet/app/Console/Command/NewsletterShell.php(453): CakeEmail->send()
#4 /var/www/chatelet/app/Console/Command/NewsletterShell.php(247): NewsletterShell->sendEmail()
#5 /var/www/chatelet/lib/Cake/Console/Shell.php(461): NewsletterShell->main()
#6 /var/www/chatelet/lib/Cake/Console/ShellDispatcher.php(212): Shell->runCommand()
#7 /var/www/chatelet/lib/Cake/Console/ShellDispatcher.php(66): ShellDispatcher->dispatch()
#8 /var/www/chatelet/app/Console/cake.php(36): ShellDispatcher::run()
#9 {main}
	Error: Connection timed out
#0 /var/www/chatelet/lib/Cake/Network/Email/SmtpTransport.php(146): CakeSocket->connect()
#1 /var/www/chatelet/lib/Cake/Network/Email/SmtpTransport.php(86): SmtpTransport->_connect()
#2 /var/www/chatelet/lib/Cake/Network/Email/CakeEmail.php(1177): SmtpTransport->send()
#3 /var/www/chatelet/app/Console/Command/NewsletterShell.php(453): CakeEmail->send()
#4 /var/www/chatelet/app/Console/Command/NewsletterShell.php(247): NewsletterShell->sendEmail()
#5 /var/www/chatelet/lib/Cake/Console/Shell.php(461): NewsletterShell->main()
#6 /var/www/chatelet/lib/Cake/Console/ShellDispatcher.php(212): Shell->runCommand()
#7 /var/www/chatelet/lib/Cake/Console/ShellDispatcher.php(66): ShellDispatcher->dispatch()
#8 /var/www/chatelet/app/Console/cake.php(36): ShellDispatcher::run()
#9 {main}
	Error: Connection timed out
#0 /var/www/chatelet/lib/Cake/Network/Email/SmtpTransport.php(146): CakeSocket->connect()
#1 /var/www/chatelet/lib/Cake/Network/Email/SmtpTransport.php(86): SmtpTransport->_connect()
#2 /var/www/chatelet/lib/Cake/Network/Email/CakeEmail.php(1177): SmtpTransport->send()
#3 /var/www/chatelet/app/Console/Command/NewsletterShell.php(453): CakeEmail->send()
#4 /var/www/chatelet/app/Console/Command/NewsletterShell.php(247): NewsletterShell->sendEmail()
#5 /var/www/chatelet/lib/Cake/Console/Shell.php(461): NewsletterShell->main()
#6 /var/www/chatelet/lib/Cake/Console/ShellDispatcher.php(212): Shell->runCommand()
#7 /var/www/chatelet/lib/Cake/Console/ShellDispatcher.php(66): ShellDispatcher->dispatch()
#8 /var/www/chatelet/app/Console/cake.php(36): ShellDispatcher::run()
#9 {main}
	Error: Connection timed out
#0 /var/www/chatelet/lib/Cake/Network/Email/SmtpTransport.php(146): CakeSocket->connect()
#1 /var/www/chatelet/lib/Cake/Network/Email/SmtpTransport.php(86): SmtpTransport->_connect()
#2 /var/www/chatelet/lib/Cake/Network/Email/CakeEmail.php(1177): SmtpTransport->send()
#3 /var/www/chatelet/app/Console/Command/NewsletterShell.php(453): CakeEmail->send()
#4 /var/www/chatelet/app/Console/Command/NewsletterShell.php(247): NewsletterShell->sendEmail()
#5 /var/www/chatelet/lib/Cake/Console/Shell.php(461): NewsletterShell->main()
#6 /var/www/chatelet/lib/Cake/Console/ShellDispatcher.php(212): Shell->runCommand()
#7 /var/www/chatelet/lib/Cake/Console/ShellDispatcher.php(66): ShellDispatcher->dispatch()
#8 /var/www/chatelet/app/Console/cake.php(36): ShellDispatcher::run()
#9 {main}
	Error: Connection timed out
#0 /var/www/chatelet/lib/Cake/Network/Email/SmtpTransport.php(146): CakeSocket->connect()
#1 /var/www/chatelet/lib/Cake/Network/Email/SmtpTransport.php(86): SmtpTransport->_connect()
#2 /var/www/chatelet/lib/Cake/Network/Email/CakeEmail.php(1177): SmtpTransport->send()
#3 /var/www/chatelet/app/Console/Command/NewsletterShell.php(453): CakeEmail->send()
#4 /var/www/chatelet/app/Console/Command/NewsletterShell.php(247): NewsletterShell->sendEmail()
#5 /var/www/chatelet/lib/Cake/Console/Shell.php(461): NewsletterShell->main()
#6 /var/www/chatelet/lib/Cake/Console/ShellDispatcher.php(212): Shell->runCommand()
#7 /var/www/chatelet/lib/Cake/Console/ShellDispatcher.php(66): ShellDispatcher->dispatch()
#8 /var/www/chatelet/app/Console/cake.php(36): ShellDispatcher::run()
#9 {main}
	Error: Connection timed out
#0 /var/www/chatelet/lib/Cake/Network/Email/SmtpTransport.php(146): CakeSocket->connect()
#1 /var/www/chatelet/lib/Cake/Network/Email/SmtpTransport.php(86): SmtpTransport->_connect()
#2 /var/www/chatelet/lib/Cake/Network/Email/CakeEmail.php(1177): SmtpTransport->send()
#3 /var/www/chatelet/app/Console/Command/NewsletterShell.php(453): CakeEmail->send()
#4 /var/www/chatelet/app/Console/Command/NewsletterShell.php(247): NewsletterShell->sendEmail()
#5 /var/www/chatelet/lib/Cake/Console/Shell.php(461): NewsletterShell->main()
#6 /var/www/chatelet/lib/Cake/Console/ShellDispatcher.php(212): Shell->runCommand()
#7 /var/www/chatelet/lib/Cake/Console/ShellDispatcher.php(66): ShellDispatcher->dispatch()
#8 /var/www/chatelet/app/Console/cake.php(36): ShellDispatcher::run()
#9 {main}
	Error: Connection timed out
#0 /var/www/chatelet/lib/Cake/Network/Email/SmtpTransport.php(146): CakeSocket->connect()
#1 /var/www/chatelet/lib/Cake/Network/Email/SmtpTransport.php(86): SmtpTransport->_connect()
#2 /var/www/chatelet/lib/Cake/Network/Email/CakeEmail.php(1177): SmtpTransport->send()
#3 /var/www/chatelet/app/Console/Command/NewsletterShell.php(453): CakeEmail->send()
#4 /var/www/chatelet/app/Console/Command/NewsletterShell.php(247): NewsletterShell->sendEmail()
#5 /var/www/chatelet/lib/Cake/Console/Shell.php(461): NewsletterShell->main()
#6 /var/www/chatelet/lib/Cake/Console/ShellDispatcher.php(212): Shell->runCommand()
#7 /var/www/chatelet/lib/Cake/Console/ShellDispatcher.php(66): ShellDispatcher->dispatch()
#8 /var/www/chatelet/app/Console/cake.php(36): ShellDispatcher::run()
#9 {main}
	Error: Connection timed out
#0 /var/www/chatelet/lib/Cake/Network/Email/SmtpTransport.php(146): CakeSocket->connect()
#1 /var/www/chatelet/lib/Cake/Network/Email/SmtpTransport.php(86): SmtpTransport->_connect()
#2 /var/www/chatelet/lib/Cake/Network/Email/CakeEmail.php(1177): SmtpTransport->send()
#3 /var/www/chatelet/app/Console/Command/NewsletterShell.php(453): CakeEmail->send()
#4 /var/www/chatelet/app/Console/Command/NewsletterShell.php(247): NewsletterShell->sendEmail()
#5 /var/www/chatelet/lib/Cake/Console/Shell.php(461): NewsletterShell->main()
#6 /var/www/chatelet/lib/Cake/Console/ShellDispatcher.php(212): Shell->runCommand()
#7 /var/www/chatelet/lib/Cake/Console/ShellDispatcher.php(66): ShellDispatcher->dispatch()
#8 /var/www/chatelet/app/Console/cake.php(36): ShellDispatcher::run()
#9 {main}
	Error: Connection timed out
#0 /var/www/chatelet/lib/Cake/Network/Email/SmtpTransport.php(146): CakeSocket->connect()
#1 /var/www/chatelet/lib/Cake/Network/Email/SmtpTransport.php(86): SmtpTransport->_connect()
#2 /var/www/chatelet/lib/Cake/Network/Email/CakeEmail.php(1177): SmtpTransport->send()
#3 /var/www/chatelet/app/Console/Command/NewsletterShell.php(453): CakeEmail->send()
#4 /var/www/chatelet/app/Console/Command/NewsletterShell.php(247): NewsletterShell->sendEmail()
#5 /var/www/chatelet/lib/Cake/Console/Shell.php(461): NewsletterShell->main()
#6 /var/www/chatelet/lib/Cake/Console/ShellDispatcher.php(212): Shell->runCommand()
#7 /var/www/chatelet/lib/Cake/Console/ShellDispatcher.php(66): ShellDispatcher->dispatch()
#8 /var/www/chatelet/app/Console/cake.php(36): ShellDispatcher::run()
#9 {main}
	Error: Connection timed out
#0 /var/www/chatelet/lib/Cake/Network/Email/SmtpTransport.php(146): CakeSocket->connect()
#1 /var/www/chatelet/lib/Cake/Network/Email/SmtpTransport.php(86): SmtpTransport->_connect()
#2 /var/www/chatelet/lib/Cake/Network/Email/CakeEmail.php(1177): SmtpTransport->send()
#3 /var/www/chatelet/app/Console/Command/NewsletterShell.php(453): CakeEmail->send()
#4 /var/www/chatelet/app/Console/Command/NewsletterShell.php(247): NewsletterShell->sendEmail()
#5 /var/www/chatelet/lib/Cake/Console/Shell.php(461): NewsletterShell->main()
#6 /var/www/chatelet/lib/Cake/Console/ShellDispatcher.php(212): Shell->runCommand()
#7 /var/www/chatelet/lib/Cake/Console/ShellDispatcher.php(66): ShellDispatcher->dispatch()
#8 /var/www/chatelet/app/Console/cake.php(36): ShellDispatcher::run()
#9 {main}
	Error: Connection timed out
#0 /var/www/chatelet/lib/Cake/Network/Email/SmtpTransport.php(146): CakeSocket->connect()
#1 /var/www/chatelet/lib/Cake/Network/Email/SmtpTransport.php(86): SmtpTransport->_connect()
#2 /var/www/chatelet/lib/Cake/Network/Email/CakeEmail.php(1177): SmtpTransport->send()
#3 /var/www/chatelet/app/Console/Command/NewsletterShell.php(453): CakeEmail->send()
#4 /var/www/chatelet/app/Console/Command/NewsletterShell.php(247): NewsletterShell->sendEmail()
#5 /var/www/chatelet/lib/Cake/Console/Shell.php(461): NewsletterShell->main()
#6 /var/www/chatelet/lib/Cake/Console/ShellDispatcher.php(212): Shell->runCommand()
#7 /var/www/chatelet/lib/Cake/Console/ShellDispatcher.php(66): ShellDispatcher->dispatch()
#8 /var/www/chatelet/app/Console/cake.php(36): ShellDispatcher::run()
#9 {main}
	Error: Connection timed out
#0 /var/www/chatelet/lib/Cake/Network/Email/SmtpTransport.php(146): CakeSocket->connect()
#1 /var/www/chatelet/lib/Cake/Network/Email/SmtpTransport.php(86): SmtpTransport->_connect()
#2 /var/www/chatelet/lib/Cake/Network/Email/CakeEmail.php(1177): SmtpTransport->send()
#3 /var/www/chatelet/app/Console/Command/NewsletterShell.php(453): CakeEmail->send()
#4 /var/www/chatelet/app/Console/Command/NewsletterShell.php(247): NewsletterShell->sendEmail()
#5 /var/www/chatelet/lib/Cake/Console/Shell.php(461): NewsletterShell->main()
#6 /var/www/chatelet/lib/Cake/Console/ShellDispatcher.php(212): Shell->runCommand()
#7 /var/www/chatelet/lib/Cake/Console/ShellDispatcher.php(66): ShellDispatcher->dispatch()
#8 /var/www/chatelet/app/Console/cake.php(36): ShellDispatcher::run()
#9 {main}
	Error: Connection timed out
#0 /var/www/chatelet/lib/Cake/Network/Email/SmtpTransport.php(146): CakeSocket->connect()
#1 /var/www/chatelet/lib/Cake/Network/Email/SmtpTransport.php(86): SmtpTransport->_connect()
#2 /var/www/chatelet/lib/Cake/Network/Email/CakeEmail.php(1177): SmtpTransport->send()
#3 /var/www/chatelet/app/Console/Command/NewsletterShell.php(453): CakeEmail->send()
#4 /var/www/chatelet/app/Console/Command/NewsletterShell.php(247): NewsletterShell->sendEmail()
#5 /var/www/chatelet/lib/Cake/Console/Shell.php(461): NewsletterShell->main()
#6 /var/www/chatelet/lib/Cake/Console/ShellDispatcher.php(212): Shell->runCommand()
#7 /var/www/chatelet/lib/Cake/Console/ShellDispatcher.php(66): ShellDispatcher->dispatch()
#8 /var/www/chatelet/app/Console/cake.php(36): ShellDispatcher::run()
#9 {main}
	Error: Connection timed out
#0 /var/www/chatelet/lib/Cake/Network/Email/SmtpTransport.php(146): CakeSocket->connect()
#1 /var/www/chatelet/lib/Cake/Network/Email/SmtpTransport.php(86): SmtpTransport->_connect()
#2 /var/www/chatelet/lib/Cake/Network/Email/CakeEmail.php(1177): SmtpTransport->send()
#3 /var/www/chatelet/app/Console/Command/NewsletterShell.php(453): CakeEmail->send()
#4 /var/www/chatelet/app/Console/Command/NewsletterShell.php(247): NewsletterShell->sendEmail()
#5 /var/www/chatelet/lib/Cake/Console/Shell.php(461): NewsletterShell->main()
#6 /var/www/chatelet/lib/Cake/Console/ShellDispatcher.php(212): Shell->runCommand()
#7 /var/www/chatelet/lib/Cake/Console/ShellDispatcher.php(66): ShellDispatcher->dispatch()
#8 /var/www/chatelet/app/Console/cake.php(36): ShellDispatcher::run()
#9 {main}
						Error: Connection timed out
#0 /var/www/chatelet/lib/Cake/Network/Email/SmtpTransport.php(146): CakeSocket->connect()
#1 /var/www/chatelet/lib/Cake/Network/Email/SmtpTransport.php(86): SmtpTransport->_connect()
#2 /var/www/chatelet/lib/Cake/Network/Email/CakeEmail.php(1177): SmtpTransport->send()
#3 /var/www/chatelet/app/Console/Command/NewsletterShell.php(457): CakeEmail->send()
#4 /var/www/chatelet/app/Console/Command/NewsletterShell.php(247): NewsletterShell->sendEmail()
#5 /var/www/chatelet/lib/Cake/Console/Shell.php(461): NewsletterShell->main()
#6 /var/www/chatelet/lib/Cake/Console/ShellDispatcher.php(212): Shell->runCommand()
#7 /var/www/chatelet/lib/Cake/Console/ShellDispatcher.php(66): ShellDispatcher->dispatch()
#8 /var/www/chatelet/app/Console/cake.php(36): ShellDispatcher::run()
#9 {main}
	Error: Connection timed out
#0 /var/www/chatelet/lib/Cake/Network/Email/SmtpTransport.php(146): CakeSocket->connect()
#1 /var/www/chatelet/lib/Cake/Network/Email/SmtpTransport.php(86): SmtpTransport->_connect()
#2 /var/www/chatelet/lib/Cake/Network/Email/CakeEmail.php(1177): SmtpTransport->send()
#3 /var/www/chatelet/app/Console/Command/NewsletterShell.php(457): CakeEmail->send()
#4 /var/www/chatelet/app/Console/Command/NewsletterShell.php(247): NewsletterShell->sendEmail()
#5 /var/www/chatelet/lib/Cake/Console/Shell.php(461): NewsletterShell->main()
#6 /var/www/chatelet/lib/Cake/Console/ShellDispatcher.php(212): Shell->runCommand()
#7 /var/www/chatelet/lib/Cake/Console/ShellDispatcher.php(66): ShellDispatcher->dispatch()
#8 /var/www/chatelet/app/Console/cake.php(36): ShellDispatcher::run()
#9 {main}
																															